uid,gid,fpid,tname,drvn,obt,qtr,min,sec,yfog,plays,succ,rfd,pfd,ofd,ry,ra,py,pa,pc,peyf,peya,net,res
105738,4524,741567,NE,1,KOFF,1,2,52,27,9,6,2,2,1,18,4,43,5,3,12,0,73,TD
105739,4524,741580,KC,1,KOFF,1,0,8,25,1,0,1,0,0,7,1,0,0,0,0,0,7,FUM
105740,4524,741581,NE,2,FUM,1,2,35,68,7,1,1,0,1,9,3,8,4,2,5,0,22,DWNS
105741,4524,741589,KC,2,DWNS,1,6,22,10,12,10,1,6,0,24,4,66,8,7,0,0,90,TD
105742,4524,741603,NE,3,KOFF,1,3,7,25,8,4,1,2,0,20,4,42,3,2,5,0,67,FG
105743,4524,741613,KC,3,KOFF,2,1,39,45,3,0,0,0,0,4,1,-3,2,0,0,0,1,PUNT
105744,4524,741617,NE,4,PUNT,2,5,50,18,11,8,3,2,0,41,8,38,3,2,3,0,82,TD
105745,4524,741631,KC,4,KOFF,2,3,43,23,5,1,1,0,0,18,4,-12,1,0,0,0,6,PUNT
105746,4524,741637,NE,5,PUNT,2,0,57,40,3,1,0,0,0,4,1,0,2,0,0,0,4,PUNT
105747,4524,741641,KC,5,PUNT,2,2,34,8,12,9,0,6,1,14,2,62,10,9,20,4,92,TD
105748,4524,741657,NE,6,KOFF,2,0,13,18,1,0,0,0,0,-1,1,0,0,0,0,0,-1,ENDQ
105749,4524,741659,KC,6,KOFF,3,3,7,25,4,2,1,0,0,10,1,19,3,3,0,10,19,PUNT
105750,4524,741665,NE,7,PUNT,3,2,25,17,5,1,0,1,0,-2,2,8,3,1,0,0,9,PUNT
105751,4524,741671,KC,7,PUNT,3,0,9,25,1,1,0,1,0,0,0,75,1,1,0,0,75,TD
105752,4524,741674,NE,8,KOFF,3,2,11,25,6,1,0,1,0,9,2,17,4,1,0,0,26,PUNT
105753,4524,741681,KC,8,PUNT,3,0,46,14,3,0,0,0,0,1,1,0,2,0,0,0,1,PUNT
105754,4524,741685,NE,9,PUNT,3,1,21,46,3,2,1,1,1,1,2,22,1,1,31,0,54,TD
105755,4524,741692,KC,9,KOFF,3,2,11,13,3,1,0,0,0,1,1,7,2,1,0,10,-2,PUNT
105756,4524,741698,NE,10,PUNT,3,2,41,28,7,4,1,1,0,9,5,54,1,1,0,5,58,FG
105757,4524,741706,KC,10,KOFF,3,1,2,10,3,3,0,2,0,13,1,82,2,2,0,5,90,TD
105758,4524,741712,NE,11,KOFF,4,1,46,25,5,2,0,1,0,0,1,35,4,3,0,0,35,DWNS
105759,4524,741717,KC,11,DWNS,4,1,53,40,3,0,0,0,0,2,1,7,2,1,0,5,9,PUNT
105760,4524,741722,NE,12,PUNT,4,1,33,13,5,1,1,0,0,16,2,0,3,0,0,0,16,PUNT
105761,4524,741728,KC,12,PUNT,4,3,41,40,7,6,2,2,0,11,2,49,5,4,0,0,60,TD
105762,4524,741737,NE,13,KOFF,4,0,59,25,3,0,0,0,0,0,0,-7,3,0,0,0,-7,PUNT
105763,4524,741741,KC,13,PUNT,4,0,15,21,2,2,2,0,0,79,2,0,0,0,0,0,79,TD
105764,4524,741745,NE,14,KOFF,4,1,16,14,3,0,0,0,0,0,0,-13,3,0,0,0,-13,PUNT
105765,4524,741749,KC,14,PUNT,4,2,44,58,6,1,1,0,0,1,6,0,0,0,5,0,6,ENDQ
105766,4525,741757,ARI,1,KOFF,1,3,0,23,6,2,0,1,0,0,2,19,4,2,0,0,19,INT
105767,4525,741763,DET,1,INT,1,0,46,74,2,1,0,0,0,5,1,0,1,0,0,0,5,INT
105768,4525,741767,DET,2,KOFF,1,1,41,15,3,0,0,0,0,0,1,2,2,1,0,0,2,PUNT
105769,4525,741771,ARI,2,PUNT,1,1,37,33,3,1,0,0,0,6,2,3,1,1,0,0,9,PUNT
105770,4525,741775,DET,3,PUNT,1,1,44,14,4,0,0,0,0,10,1,-2,3,1,0,9,-1,DWNS
105771,4525,741779,ARI,3,DWNS,1,3,32,87,7,1,0,0,0,3,3,-2,3,2,6,0,7,FG
105772,4525,741788,DET,4,KOFF,1,5,3,7,9,5,0,2,0,3,3,41,6,6,0,5,39,PUNT
105773,4525,741799,ARI,4,PUNT,2,1,59,22,5,1,0,1,0,3,1,33,4,1,0,15,21,INT
105774,4525,741805,DET,5,INT,2,6,16,58,12,7,2,2,0,32,6,20,5,4,0,10,42,TD
105775,4525,741819,ARI,5,KOFF,2,0,28,20,3,0,0,0,0,0,0,0,3,0,0,0,0,PUNT
105776,4525,741823,DET,6,PUNT,2,2,1,38,3,0,0,0,0,-4,1,6,2,2,0,0,2,PUNT
105777,4525,741827,ARI,6,PUNT,2,1,14,30,11,4,0,4,0,3,1,50,9,4,3,0,56,MFG
105778,4525,741839,DET,7,MFG,2,0,39,22,8,2,0,2,0,0,0,38,7,3,0,0,38,FG
105779,4525,741848,DET,8,KOFF,3,3,34,25,6,2,0,1,0,2,2,20,4,3,0,0,22,PUNT
105780,4525,741855,ARI,7,PUNT,3,5,49,6,12,8,2,4,1,20,4,69,8,6,15,10,94,TD
105781,4525,741871,DET,9,KOFF,3,1,34,16,4,1,0,1,0,2,1,31,3,1,0,0,33,PUNT
105782,4525,741876,ARI,8,PUNT,3,0,11,21,1,0,1,0,0,5,1,0,0,0,0,0,5,FUM
105783,4525,741877,DET,10,FUM,3,0,45,90,3,1,0,1,1,3,1,7,1,1,0,0,10,TD
105784,4525,741881,ARI,9,KOFF,3,3,51,25,6,2,1,0,0,3,3,11,3,2,0,5,9,PUNT
105785,4525,741889,DET,11,PUNT,4,4,49,33,11,6,0,4,0,9,4,63,6,5,5,10,67,TD
105786,4525,741901,ARI,10,KOFF,4,2,19,25,4,1,0,1,0,0,0,26,4,2,0,10,16,PUNT
105787,4525,741907,DET,12,PUNT,4,2,55,28,5,4,1,2,0,13,3,59,2,2,0,0,72,TD
105788,4525,741914,ARI,11,KOFF,4,0,10,25,1,0,0,0,0,0,0,0,1,0,0,0,0,INT
105789,4525,741917,ARI,12,KOFF,4,2,30,25,11,7,1,4,1,2,1,55,9,7,28,10,75,TD
105790,4525,741931,DET,13,KOFF,4,1,33,56,3,2,0,0,0,7,3,0,0,0,0,0,7,ENDQ
105791,4526,741935,ATL,1,KOFF,1,7,4,8,11,7,1,3,0,15,5,47,5,5,0,0,62,FG
105792,4526,741947,CHI,1,KOFF,1,2,31,26,3,0,0,0,0,1,1,16,2,2,0,10,7,PUNT
105793,4526,741952,ATL,2,PUNT,1,1,6,30,3,0,0,0,0,4,1,0,2,0,0,0,4,PUNT
105794,4526,741956,CHI,2,PUNT,1,4,24,23,10,3,2,1,0,28,3,13,6,3,0,0,41,FG
105795,4526,741967,ATL,3,KOFF,2,1,39,25,3,1,0,0,0,5,2,0,1,0,0,0,5,PUNT
105796,4526,741971,CHI,3,PUNT,2,1,48,37,3,0,0,0,0,0,0,-4,3,2,0,0,-4,PUNT
105797,4526,741975,ATL,4,PUNT,2,6,59,17,11,7,3,3,0,30,6,63,5,4,0,10,83,TD
105798,4526,741989,CHI,4,KOFF,2,4,15,25,7,5,3,0,1,70,7,0,0,0,5,0,75,TD
105799,4526,741999,ATL,5,KOFF,2,0,14,25,1,0,0,0,0,-1,1,0,0,0,0,0,-1,ENDQ
105800,4526,742001,CHI,5,KOFF,3,2,51,25,6,2,1,0,0,18,3,-12,3,0,0,0,6,PUNT
105801,4526,742008,ATL,6,PUNT,3,1,59,20,3,0,0,0,0,0,1,-7,2,1,0,0,-7,PUNT
105802,4526,742012,CHI,6,PUNT,3,1,31,45,3,1,0,0,0,6,2,0,1,0,0,0,6,PUNT
105803,4526,742016,ATL,7,PUNT,3,6,29,14,13,5,0,4,1,13,4,58,8,6,15,10,76,FG
105804,4526,742032,CHI,7,KOFF,3,4,16,29,7,1,1,1,1,2,3,25,4,3,15,10,32,PUNT
105805,4526,742041,ATL,8,PUNT,4,0,59,5,3,2,0,1,0,0,0,95,3,2,0,0,95,TD
105806,4526,742046,CHI,8,KOFF,4,4,29,25,9,5,0,4,0,0,0,70,9,7,5,0,75,TD
105807,4526,742058,ATL,9,KOFF,4,4,2,25,9,2,0,1,1,-1,2,52,6,3,5,0,56,FG
105808,4526,742069,CHI,9,KOFF,4,3,21,18,16,7,0,5,0,0,0,68,16,9,0,0,68,DWNS
105809,4526,742085,ATL,10,DWNS,4,0,3,14,1,0,0,0,0,-1,1,0,0,0,0,0,-1,ENDQ
105810,4527,742087,CIN,1,KOFF,1,2,22,25,5,1,1,0,0,13,2,-4,3,1,0,5,4,PUNT
105811,4527,742094,BAL,1,PUNT,1,7,54,36,13,4,1,3,0,11,5,46,7,5,10,10,57,FG
105812,4527,742111,CIN,2,KOFF,1,3,10,25,6,3,1,1,0,12,4,9,2,1,15,0,36,INT
105813,4527,742117,BAL,2,INT,1,1,46,47,3,1,0,0,0,4,1,5,2,1,0,5,4,PUNT
105814,4527,742122,CIN,3,PUNT,2,5,55,9,11,5,1,4,0,32,6,54,5,4,0,4,82,INT
105815,4527,742134,BAL,3,INT,2,1,43,26,3,0,0,0,0,4,1,-10,2,0,0,0,-6,PUNT
105816,4527,742138,CIN,4,PUNT,2,1,24,40,4,1,0,0,0,7,1,4,3,1,0,10,1,PUNT
105817,4527,742143,BAL,4,PUNT,2,3,54,24,7,4,1,2,0,16,4,70,3,3,0,10,76,TD
105818,4527,742152,CIN,5,KOFF,2,0,21,13,2,1,0,0,0,4,1,0,1,0,0,0,4,INT
105819,4527,742154,BAL,5,INT,2,0,3,98,1,1,1,0,0,2,1,0,0,0,0,0,2,TD
105820,4527,742157,CIN,6,KOFF,2,0,58,25,3,0,0,0,0,5,1,-5,2,0,0,0,0,PUNT
105821,4527,742161,BAL,6,PUNT,2,0,30,37,3,2,0,0,0,24,2,0,1,0,0,10,14,ENDQ
105822,4527,742166,BAL,7,KOFF,3,0,54,25,2,0,0,0,0,2,1,0,1,0,0,5,-3,INT
105823,4527,742169,CIN,7,INT,3,3,22,74,6,2,0,2,0,5,2,9,4,3,0,0,14,FUM
105824,4527,742175,BAL,8,FUM,3,9,38,12,17,8,3,0,4,54,14,0,2,0,27,0,81,FG
105825,4527,742196,CIN,8,KOFF,3,0,48,25,3,1,0,0,0,0,0,5,3,1,0,0,5,PUNT
105826,4527,742200,BAL,9,PUNT,3,2,55,15,4,1,1,0,0,14,4,0,0,0,0,5,9,PUNT
105827,4527,742206,CIN,9,PUNT,4,2,36,30,6,2,0,1,0,1,1,26,5,2,0,0,27,PUNT
105828,4527,742213,BAL,10,PUNT,4,2,31,8,3,2,0,0,0,10,3,0,0,0,0,5,5,PUNT
105829,4527,742218,CIN,10,PUNT,4,2,43,48,6,1,0,1,0,0,0,44,6,2,5,10,39,DWNS
105830,4527,742226,BAL,11,DWNS,4,0,26,14,3,0,0,0,0,9,3,0,0,0,0,0,9,PUNT
105831,4527,742230,CIN,11,PUNT,4,1,15,42,4,0,0,0,0,7,2,2,2,1,5,0,14,INT
105832,4527,742234,BAL,12,INT,4,1,46,44,3,1,0,0,0,7,3,0,0,0,0,0,7,PUNT
105833,4527,742238,CIN,12,PUNT,4,1,6,13,2,0,0,0,0,-9,2,0,0,0,0,0,-9,ENDQ
105834,4528,742241,JAC,1,KOFF,1,2,52,25,8,4,0,2,0,13,2,43,5,3,0,5,51,FG
105835,4528,742251,HOU,1,KOFF,1,1,34,25,3,0,0,0,0,1,1,-7,2,0,0,0,-6,PUNT
105836,4528,742255,JAC,2,PUNT,1,1,22,38,3,0,0,0,0,5,2,0,1,0,0,0,5,PUNT
105837,4528,742259,HOU,2,PUNT,1,4,9,20,9,5,0,2,0,10,4,19,5,3,0,0,29,PUNT
105838,4528,742269,JAC,3,PUNT,1,5,14,16,10,6,2,2,1,48,6,30,3,2,9,10,77,FG
105839,4528,742282,HOU,3,KOFF,2,1,33,25,3,0,0,0,0,-2,1,0,2,0,5,0,3,PUNT
105840,4528,742287,JAC,4,PUNT,2,1,52,25,3,1,0,0,0,3,2,0,1,0,5,0,8,PUNT
105841,4528,742292,HOU,4,PUNT,2,1,12,33,3,1,0,0,0,4,1,-7,2,0,0,0,-3,PUNT
105842,4528,742296,JAC,5,PUNT,2,1,35,19,3,1,0,0,0,3,2,0,1,0,0,0,3,PUNT
105843,4528,742300,HOU,5,PUNT,2,1,6,38,3,1,0,2,0,3,1,12,2,1,0,0,15,FUM
105844,4528,742303,JAC,6,FUM,2,5,29,47,9,5,3,1,2,15,7,18,2,2,20,0,53,TD
105845,4528,742314,HOU,6,KOFF,2,1,13,25,5,2,0,2,1,0,0,6,5,2,22,0,28,FUM
105846,4528,742323,HOU,7,KOFF,2,0,49,25,2,2,0,0,0,7,1,6,1,1,0,0,13,ENDQ
105847,4528,742326,HOU,8,KOFF,3,5,51,25,14,9,1,4,0,29,6,37,8,5,19,10,75,TD
105848,4528,742345,JAC,7,KOFF,3,4,55,25,10,7,2,2,1,32,6,23,4,3,20,0,75,TD
105849,4528,742358,HOU,9,KOFF,3,4,11,25,11,4,2,1,1,29,6,-3,5,1,8,0,34,FUM
105850,4528,742370,JAC,8,FUM,3,3,40,41,9,4,1,1,1,27,5,11,3,1,0,0,38,MFG
105851,4528,742379,HOU,10,MFG,4,1,24,29,5,2,1,0,0,4,1,9,4,1,0,0,13,PUNT
105852,4528,742385,JAC,9,PUNT,4,1,38,25,3,0,0,0,0,4,2,0,1,0,0,0,4,PUNT
105853,4528,742389,HOU,11,PUNT,4,4,50,37,7,3,0,2,1,0,0,43,7,4,20,20,43,INT
105854,4528,742400,JAC,10,INT,4,0,20,73,4,0,0,0,0,7,3,0,0,0,0,0,7,FG
105855,4528,742405,HOU,12,KOFF,4,2,3,11,4,1,0,0,0,8,1,-5,3,1,0,0,3,DWNS
105856,4528,742409,JAC,11,DWNS,4,1,8,86,2,0,0,0,0,-2,2,0,0,0,0,0,-2,ENDQ
105857,4529,742412,BUF,1,KOFF,1,6,12,25,13,6,3,2,0,40,7,34,6,2,18,10,67,INT
105858,4529,742427,NYJ,1,INT,1,1,51,27,3,0,0,0,0,1,1,5,2,2,0,0,6,PUNT
105859,4529,742431,BUF,2,PUNT,1,2,36,20,4,1,0,1,0,3,1,26,3,2,0,5,24,PUNT
105860,4529,742437,NYJ,2,PUNT,1,2,24,16,3,1,0,0,0,2,1,8,2,2,0,10,0,PUNT
105861,4529,742442,BUF,3,PUNT,1,5,31,23,12,7,2,3,0,45,7,32,5,4,0,0,77,TD
105862,4529,742456,NYJ,3,KOFF,2,4,52,25,9,3,0,2,0,0,0,45,8,6,0,0,45,FG
105863,4529,742466,BUF,4,KOFF,2,2,35,25,6,2,1,1,0,22,3,35,2,1,0,10,47,MFG
105864,4529,742473,NYJ,4,MFG,2,2,15,36,8,2,0,1,0,9,3,16,4,2,5,0,30,FG
105865,4529,742482,BUF,5,KOFF,2,1,14,25,5,1,0,0,1,0,0,-1,5,2,24,0,23,PUNT
105866,4529,742489,NYJ,5,PUNT,2,0,30,20,1,0,0,0,0,-1,1,0,0,0,0,0,-1,ENDQ
105867,4529,742491,NYJ,6,KOFF,3,3,0,25,6,2,0,1,0,1,2,13,4,2,0,0,14,PUNT
105868,4529,742498,BUF,6,PUNT,3,1,19,32,3,0,0,0,0,4,2,0,1,0,0,0,4,PUNT
105869,4529,742502,NYJ,7,PUNT,3,1,36,21,3,0,0,0,0,0,1,4,2,1,0,0,4,PUNT
105870,4529,742506,BUF,7,PUNT,3,2,13,36,6,3,1,2,0,16,3,48,3,2,0,0,64,TD
105871,4529,742514,NYJ,8,KOFF,3,4,52,25,12,8,1,4,0,10,3,65,8,7,0,0,75,TD
105872,4529,742527,BUF,8,KOFF,3,4,13,20,9,6,2,2,0,40,6,40,3,2,0,0,80,TD
105873,4529,742538,NYJ,9,KOFF,4,3,22,17,6,3,1,0,0,16,3,6,3,2,0,0,22,PUNT
105874,4529,742545,BUF,9,PUNT,4,1,54,4,3,0,0,0,0,1,2,4,1,1,0,0,5,PUNT
105875,4529,742549,NYJ,10,PUNT,4,0,58,61,3,0,0,0,0,0,0,2,3,1,0,0,2,INT
105876,4529,742552,BUF,10,INT,4,1,35,23,3,1,0,0,0,2,2,0,1,0,0,0,2,PUNT
105877,4529,742556,NYJ,11,PUNT,4,1,7,42,3,0,0,0,0,0,0,12,3,1,0,10,2,PUNT
105878,4529,742561,BUF,11,PUNT,4,2,7,17,6,2,1,0,0,20,6,0,0,0,0,10,10,PUNT
105879,4529,742569,NYJ,12,PUNT,4,0,9,41,1,0,0,0,0,0,0,0,1,0,0,0,0,INT
105880,4529,742570,BUF,12,INT,4,1,37,53,3,0,0,0,0,-3,3,0,0,0,0,0,-3,ENDQ
105881,4530,742574,OAK,1,KOFF,1,2,9,50,4,4,1,2,0,14,1,36,3,3,0,0,50,TD
105882,4530,742580,TEN,1,KOFF,1,5,51,25,12,6,2,3,0,24,6,51,6,3,0,0,75,TD
105883,4530,742594,OAK,2,KOFF,1,7,3,25,15,6,1,2,1,20,6,39,8,3,24,10,73,FG
105884,4530,742612,TEN,2,KOFF,2,1,55,25,3,0,0,0,0,5,2,3,1,1,0,0,8,PUNT
105885,4530,742616,OAK,3,PUNT,2,5,57,14,9,4,0,3,0,8,4,25,5,3,0,0,33,PUNT
105886,4530,742626,TEN,3,PUNT,2,6,20,2,15,6,1,4,0,31,6,62,8,6,0,0,93,FG
105887,4530,742642,OAK,4,KOFF,2,0,43,25,5,4,0,2,0,0,0,41,4,4,0,0,41,FG
105888,4530,742648,TEN,4,KOFF,3,3,39,25,6,4,0,1,0,3,2,17,4,3,0,0,20,PUNT
105889,4530,742655,OAK,5,PUNT,3,0,57,9,3,1,0,0,0,7,1,0,2,0,0,0,7,PUNT
105890,4530,742659,TEN,5,PUNT,3,1,42,20,3,0,0,0,0,-1,1,-1,2,0,0,0,-2,PUNT
105891,4530,742663,OAK,6,PUNT,3,4,11,37,8,2,0,2,0,7,3,27,4,3,5,10,29,FG
105892,4530,742674,TEN,6,KOFF,3,4,31,25,9,6,2,1,0,26,3,41,5,4,0,0,67,FG
105893,4530,742684,OAK,7,KOFF,4,3,2,30,7,6,1,4,0,16,2,54,5,4,0,0,70,TD
105894,4530,742693,TEN,7,KOFF,4,1,26,35,4,1,0,1,0,0,0,17,4,2,0,0,17,PUNT
105895,4530,742698,OAK,8,PUNT,4,3,48,20,6,1,0,1,0,4,3,28,3,2,0,0,32,PUNT
105896,4530,742705,TEN,8,PUNT,4,1,55,20,8,3,0,2,0,7,1,19,6,2,20,0,46,FG
105897,4530,742715,OAK,9,KOFF,4,3,40,41,9,6,2,0,0,34,8,0,0,0,0,0,34,FG
105898,4530,742725,TEN,9,KOFF,4,1,2,25,7,4,0,3,0,0,0,46,6,4,0,5,41,MFG
105899,4530,742733,OAK,10,MFG,4,0,7,42,1,0,0,0,0,-1,1,0,0,0,0,0,-1,ENDQ
105900,4531,742735,WAS,1,KOFF,1,2,25,16,6,1,0,1,0,-2,2,12,4,1,0,0,10,PUNT
105901,4531,742742,PHI,1,PUNT,1,1,7,44,3,1,0,1,0,0,0,56,3,1,0,0,56,TD
105902,4531,742747,WAS,2,KOFF,1,1,30,25,5,2,0,2,0,4,1,19,4,1,0,0,23,FUM
105903,4531,742752,PHI,2,FUM,1,3,29,52,6,1,1,1,1,7,3,17,3,3,0,10,14,FUM
105904,4531,742758,WAS,3,FUM,1,1,40,50,3,1,0,0,1,14,2,0,1,0,0,10,4,PUNT
105905,4531,742763,PHI,3,PUNT,1,2,6,13,3,2,0,0,0,7,3,0,0,0,0,0,7,PUNT
105906,4531,742767,PHI,4,PUNT,1,4,20,61,8,7,1,3,0,12,3,27,5,4,0,0,39,TD
105907,4531,742777,WAS,4,KOFF,2,3,57,24,6,2,1,0,0,12,5,9,1,1,0,0,21,PUNT
105908,4531,742784,PHI,5,PUNT,2,0,56,6,3,1,0,1,0,0,0,14,3,1,0,0,14,INT
105909,4531,742789,PHI,6,KOFF,2,4,34,25,5,3,0,1,0,9,2,18,3,2,0,20,7,PUNT
105910,4531,742797,WAS,5,PUNT,2,2,39,31,8,7,0,4,0,8,2,61,6,5,0,0,69,TD
105911,4531,742807,PHI,7,KOFF,2,1,17,25,10,4,0,3,0,4,2,39,7,4,0,0,43,FG
105912,4531,742818,PHI,8,KOFF,3,4,22,25,9,3,0,2,1,3,2,48,6,3,5,5,51,FG
105913,4531,742830,WAS,6,KOFF,3,8,32,19,16,8,2,3,0,26,4,30,11,6,10,0,66,FG
105914,4531,742849,PHI,9,KOFF,3,2,15,26,5,2,0,2,0,5,1,24,4,2,0,16,13,PUNT
105915,4531,742855,WAS,7,PUNT,4,2,30,36,7,3,0,2,0,2,1,48,6,3,0,0,50,INT
105916,4531,742862,PHI,10,INT,4,5,38,15,9,3,0,2,0,3,4,31,5,4,0,0,34,PUNT
105917,4531,742872,WAS,8,PUNT,4,0,57,1,3,0,0,0,0,0,0,2,3,1,0,0,2,PUNT
105918,4531,742876,PHI,11,PUNT,4,3,47,47,6,3,0,1,0,9,3,24,2,2,0,0,33,FG
105919,4531,742883,WAS,9,KOFF,4,0,30,25,2,1,0,1,0,0,0,-5,2,1,0,0,-5,FUM
105920,4531,742887,WAS,10,KOFF,4,1,4,34,6,2,0,1,0,0,0,24,6,4,0,0,24,DWNS
105921,4531,742893,PHI,12,DWNS,4,0,25,42,1,0,0,0,0,-1,1,0,0,0,0,0,-1,ENDQ
105922,4532,742895,CLE,1,KOFF,1,2,16,25,3,0,0,0,0,-4,3,0,0,0,0,5,-9,BLPU
105923,4532,742902,CLE,2,KOFF,1,4,45,25,7,3,0,1,0,9,3,3,4,2,0,10,2,PUNT
105924,4532,742910,PIT,1,PUNT,1,2,11,26,4,0,0,0,0,0,0,14,4,3,0,20,-6,PUNT
105925,4532,742916,CLE,3,PUNT,1,5,26,32,12,9,3,1,1,16,7,31,5,4,21,0,68,TD
105926,4532,742931,PIT,2,KOFF,1,2,25,25,6,1,0,1,0,3,2,19,4,1,0,5,17,PUNT
105927,4532,742939,CLE,4,PUNT,2,1,44,22,4,0,1,0,1,2,2,9,2,1,15,0,26,PUNT
105928,4532,742944,PIT,3,PUNT,2,2,31,6,4,1,0,0,0,1,2,9,2,1,5,0,15,PUNT
105929,4532,742950,CLE,5,PUNT,2,1,21,40,4,1,0,1,0,1,1,19,3,1,0,0,20,PUNT
105930,4532,742955,PIT,4,PUNT,2,2,3,14,4,2,0,1,0,0,0,16,4,3,0,0,16,PUNT
105931,4532,742960,CLE,6,PUNT,2,1,25,36,3,0,0,0,0,4,2,0,1,0,0,0,4,PUNT
105932,4532,742964,PIT,5,PUNT,2,3,8,9,7,5,0,4,0,5,1,90,6,5,0,4,91,TD
105933,4532,742974,CLE,7,KOFF,2,0,45,11,3,1,0,1,0,3,1,10,2,1,0,0,13,ENDQ
105934,4532,742978,PIT,6,KOFF,3,1,4,25,3,0,0,0,0,0,0,-8,3,0,0,0,-8,PUNT
105935,4532,742982,CLE,8,PUNT,3,4,29,41,7,3,0,2,0,17,3,36,3,2,0,0,53,FG
105936,4532,742990,PIT,7,KOFF,3,3,50,25,6,4,0,3,1,8,3,26,3,3,41,0,75,TD
105937,4532,742999,CLE,9,KOFF,3,4,24,25,9,3,0,2,0,8,2,3,7,3,35,0,46,INT
105938,4532,743010,PIT,8,INT,3,4,8,34,8,4,0,2,0,10,3,27,5,3,0,0,37,INT
105939,4532,743018,CLE,10,INT,4,1,30,31,3,0,0,0,0,0,0,-3,3,1,0,0,-3,PUNT
105940,4532,743022,PIT,9,PUNT,4,3,54,24,6,1,0,1,0,1,2,16,4,3,0,10,7,PUNT
105941,4532,743030,CLE,11,PUNT,4,3,5,27,9,6,0,4,0,1,1,72,7,5,15,0,73,TD
105942,4532,743040,PIT,10,KOFF,4,3,36,20,6,3,1,1,0,7,4,46,2,2,0,10,43,ENDQ
105943,4533,743048,LA,1,KOFF,1,2,17,25,7,3,0,2,0,2,1,41,5,3,0,0,43,FG
105944,4533,743056,IND,1,KOFF,1,1,33,25,3,0,0,0,0,0,2,0,1,0,0,0,0,INT
105945,4533,743061,IND,2,KOFF,1,4,49,25,9,5,0,3,0,11,4,62,4,3,5,5,73,FG
105946,4533,743073,LA,2,KOFF,1,4,18,25,7,3,0,1,0,23,5,10,2,2,0,15,18,PUNT
105947,4533,743082,IND,3,PUNT,1,1,27,7,3,1,1,1,0,18,2,9,1,1,0,0,27,FUM
105948,4533,743085,LA,3,FUM,1,1,34,66,3,0,0,0,1,-1,2,0,1,0,0,10,-11,PUNT
105949,4533,743091,IND,4,PUNT,2,2,13,7,4,1,0,1,0,5,2,16,2,1,0,0,21,PUNT
105950,4533,743096,LA,4,PUNT,2,2,12,31,4,3,1,2,0,6,2,63,3,2,0,0,69,TD
105951,4533,743103,IND,5,KOFF,2,2,8,25,3,0,0,0,0,0,1,-4,2,1,0,0,-11,PUNT
105952,4533,743107,LA,5,PUNT,2,2,9,42,6,4,1,2,0,7,1,51,5,4,0,0,58,TD
105953,4533,743115,IND,6,KOFF,2,2,12,25,5,1,0,1,0,0,0,35,5,2,0,0,35,DWNS
105954,4533,743120,LA,6,DWNS,2,2,51,40,6,2,1,1,0,13,2,30,3,2,0,0,43,FG
105955,4533,743127,IND,7,KOFF,2,0,17,25,1,0,0,0,0,-1,1,0,0,0,0,0,-1,ENDQ
105956,4533,743129,IND,8,KOFF,3,1,32,25,3,2,0,0,0,9,2,0,1,0,0,0,9,PUNT
105957,4533,743133,IND,9,PUNT,3,1,25,76,4,0,0,0,0,1,1,3,2,1,0,0,4,MFG
105958,4533,743137,LA,7,MFG,3,4,40,28,8,4,2,1,1,6,5,35,2,2,5,0,46,FG
105959,4533,743146,IND,10,KOFF,3,0,8,25,1,0,0,0,0,0,0,0,1,0,0,0,0,TD
105960,4533,743149,IND,11,KOFF,3,1,45,25,3,0,0,0,0,1,1,-15,2,0,0,0,-14,PUNT
105961,4533,743153,LA,8,PUNT,3,1,13,40,3,0,0,0,0,0,1,7,2,1,0,0,7,PUNT
105962,4533,743157,IND,12,PUNT,3,1,40,6,3,0,0,0,0,1,2,0,1,0,0,0,1,PUNT
105963,4533,743161,LA,9,PUNT,3,3,24,32,6,1,0,1,0,1,3,5,3,2,0,0,6,PUNT
105964,4533,743168,IND,13,PUNT,4,2,41,16,5,4,2,1,0,34,4,50,1,1,0,0,84,TD
105965,4533,743175,LA,10,KOFF,4,2,3,42,3,1,0,0,0,-4,1,19,2,1,0,10,5,PUNT
105966,4533,743180,IND,14,PUNT,4,0,11,10,1,0,0,0,0,-13,1,0,0,0,0,0,-13,SAF
105967,4533,743182,LA,11,KOFF,4,4,50,43,8,4,1,2,0,16,6,37,2,2,4,0,57,TD
105968,4533,743193,IND,15,KOFF,4,1,34,25,3,0,0,0,0,6,1,1,2,1,0,0,7,PUNT
105969,4533,743197,LA,12,PUNT,4,2,54,15,5,1,0,1,0,-6,4,12,1,1,0,0,6,ENDQ
105970,4534,743203,CAR,1,KOFF,1,2,58,25,6,2,1,0,0,8,3,7,3,1,0,0,13,PUNT
105971,4534,743210,SF,1,PUNT,1,4,15,18,6,4,0,2,0,10,2,36,4,3,0,10,36,PUNT
105972,4534,743219,CAR,2,PUNT,1,1,43,14,3,0,0,0,0,4,2,0,1,0,0,0,4,PUNT
105973,4534,743223,SF,2,PUNT,1,1,29,24,4,2,1,2,0,14,2,4,2,1,0,0,18,FUM
105974,4534,743227,CAR,3,FUM,1,1,35,58,3,1,0,1,1,5,1,37,2,2,0,0,42,TD
105975,4534,743232,SF,3,KOFF,1,2,15,25,4,1,1,0,0,19,2,-7,2,0,0,5,7,PUNT
105976,4534,743238,CAR,4,PUNT,1,1,38,22,3,1,0,0,0,3,1,4,2,1,0,0,7,PUNT
105977,4534,743242,SF,4,PUNT,2,1,53,27,3,0,0,0,0,3,1,-4,2,0,0,10,-11,PUNT
105978,4534,743247,CAR,5,PUNT,2,2,28,25,4,2,1,0,1,10,3,0,1,0,20,0,30,INT
105979,4534,743253,SF,5,INT,2,3,19,38,7,2,0,1,0,7,2,3,5,4,0,0,10,DWNS
105980,4534,743260,CAR,6,DWNS,2,3,4,52,8,3,1,1,0,12,3,15,4,1,0,0,27,FG
105981,4534,743269,SF,6,KOFF,2,2,41,25,6,2,0,1,0,1,2,29,4,3,0,0,30,DWNS
105982,4534,743275,CAR,7,DWNS,2,0,42,45,7,2,0,2,0,0,0,42,6,3,0,5,37,FG
105983,4534,743284,SF,7,KOFF,3,0,35,25,2,1,0,1,0,0,0,14,2,1,0,0,14,INT
105984,4534,743286,CAR,8,INT,3,3,1,72,5,3,1,1,0,15,4,9,1,1,4,0,28,TD
105985,4534,743294,SF,8,KOFF,3,1,20,25,3,0,0,0,0,1,1,3,2,1,0,0,4,PUNT
105986,4534,743298,CAR,9,PUNT,3,6,53,32,11,6,1,3,0,12,6,54,4,4,0,0,66,FG
105987,4534,743310,SF,9,KOFF,3,3,3,25,10,5,0,2,0,1,1,53,8,5,0,5,49,FG
105988,4534,743322,CAR,10,KOFF,3,1,31,25,3,0,2,0,1,0,2,3,1,1,15,10,8,FUM
105989,4534,743326,SF,10,FUM,4,4,49,69,10,5,0,2,1,-5,2,35,8,6,5,5,30,DWNS
105990,4534,743338,CAR,11,DWNS,4,8,48,1,13,7,4,0,0,47,13,0,0,0,0,0,47,ENDQ
105991,4535,743352,SEA,1,KOFF,1,1,34,39,3,0,0,0,0,-3,1,-6,2,0,0,0,-9,PUNT
105992,4535,743356,GB,1,PUNT,1,4,0,17,7,4,0,3,0,0,0,66,7,5,15,20,51,INT
105993,4535,743365,SEA,2,INT,1,1,33,50,3,1,0,0,0,8,2,0,1,0,0,0,8,PUNT
105994,4535,743369,GB,2,PUNT,1,6,19,2,11,4,2,1,0,19,6,13,5,2,0,0,32,PUNT
105995,4535,743381,SEA,3,PUNT,1,1,46,25,3,0,0,0,0,-2,2,6,1,1,0,0,4,PUNT
105996,4535,743385,GB,3,PUNT,2,3,35,12,6,2,0,2,0,2,1,21,5,3,5,5,28,PUNT
105997,4535,743394,SEA,4,PUNT,2,2,24,20,6,4,0,1,0,4,1,19,5,3,0,0,23,PUNT
105998,4535,743401,GB,4,PUNT,2,1,37,5,3,0,0,0,0,3,2,0,1,0,0,0,3,PUNT
105999,4535,743405,SEA,5,PUNT,2,1,34,32,3,0,0,0,0,0,1,-1,2,1,0,0,-1,PUNT
106000,4535,743409,GB,5,PUNT,2,4,43,29,9,2,0,2,0,0,1,28,8,4,0,0,28,PUNT
106001,4535,743420,SEA,6,PUNT,2,0,55,11,8,4,2,1,0,40,4,34,3,1,0,0,74,FG
106002,4535,743429,GB,6,KOFF,3,2,56,25,5,3,0,1,0,12,3,9,2,1,5,10,16,PUNT
106003,4535,743437,SEA,7,PUNT,3,1,25,21,3,0,0,1,0,2,1,-17,2,0,0,0,-15,FUM
106004,4535,743440,GB,7,FUM,3,0,6,94,1,1,1,0,1,6,1,0,0,0,0,0,6,TD
106005,4535,743443,SEA,8,KOFF,3,6,13,26,11,5,1,2,1,41,5,30,5,3,5,5,71,FG
106006,4535,743457,GB,8,KOFF,3,4,3,25,9,7,2,2,0,19,2,66,7,6,0,10,75,TD
106007,4535,743470,SEA,9,KOFF,3,1,39,26,4,2,0,1,0,0,1,18,3,2,0,0,18,PUNT
106008,4535,743475,GB,9,PUNT,4,5,37,25,12,7,2,2,0,15,3,38,8,4,0,0,53,FG
106009,4535,743488,SEA,10,KOFF,4,1,44,25,7,3,0,3,0,0,0,52,6,3,0,0,52,FG
106010,4535,743496,GB,10,KOFF,4,6,17,25,12,5,1,3,0,8,9,45,3,3,10,15,48,ENDQ
106011,4536,743512,DAL,1,KOFF,1,3,53,24,8,5,1,1,0,13,4,20,4,2,0,0,33,PUNT
106012,4536,743521,NYG,1,PUNT,1,1,44,6,3,0,0,0,0,3,1,-4,2,1,0,0,-1,PUNT
106013,4536,743525,DAL,2,PUNT,1,2,58,46,9,3,0,2,0,9,2,42,6,2,0,0,51,FG
106014,4536,743535,NYG,2,KOFF,1,1,2,25,3,1,0,0,0,0,0,5,3,1,0,0,5,PUNT
106015,4536,743539,DAL,3,PUNT,1,7,38,29,14,7,2,2,0,11,5,40,8,5,0,10,41,FG
106016,4536,743555,NYG,3,KOFF,2,3,18,11,5,1,0,1,0,9,3,14,2,2,0,0,23,PUNT
106017,4536,743561,DAL,4,PUNT,2,2,43,21,6,3,0,1,0,12,3,23,3,1,0,0,35,PUNT
106018,4536,743568,NYG,4,PUNT,2,2,56,9,4,1,1,0,0,12,1,3,3,3,0,5,10,PUNT
106019,4536,743574,DAL,5,PUNT,2,2,7,35,6,5,2,1,1,25,3,19,3,3,21,0,65,TD
106020,4536,743583,NYG,5,KOFF,2,0,22,25,3,1,0,0,0,0,0,8,3,1,0,0,8,PUNT
106021,4536,743587,DAL,6,PUNT,2,1,14,24,7,5,1,2,0,17,1,34,5,4,0,0,51,FG
106022,4536,743595,NYG,6,KOFF,2,0,5,25,1,0,0,0,0,-1,1,0,0,0,0,0,-1,ENDQ
106023,4536,743597,NYG,7,KOFF,3,9,44,25,16,8,0,5,0,10,4,58,11,9,0,0,68,FG
106024,4536,743614,DAL,7,KOFF,3,3,38,18,5,1,0,1,0,6,2,34,3,3,0,0,40,PUNT
106025,4536,743620,NYG,8,PUNT,3,4,2,10,8,3,1,0,1,2,2,23,6,3,15,5,35,PUNT
106026,4536,743631,DAL,8,PUNT,4,4,10,20,9,4,0,2,0,7,2,41,7,3,0,10,38,PUNT
106027,4536,743642,NYG,9,PUNT,4,0,38,10,2,1,0,1,0,0,0,31,2,1,0,0,31,INT
106028,4536,743644,DAL,9,INT,4,5,53,48,11,6,3,0,0,29,9,10,1,1,0,5,34,FG
106029,4536,743657,NYG,10,KOFF,4,1,55,14,9,7,0,3,0,0,0,60,9,8,0,14,51,ENDQ
106030,4537,743669,NO,1,KOFF,1,6,39,19,13,7,4,1,1,22,7,34,5,3,15,15,56,FG
106031,4537,743685,MIN,1,KOFF,1,7,20,15,14,6,1,2,1,11,5,37,8,6,30,0,78,FG
106032,4537,743701,NO,2,KOFF,1,1,16,25,3,0,0,0,0,6,2,0,1,0,0,0,6,PUNT
106033,4537,743705,MIN,2,PUNT,2,2,30,25,3,1,0,0,0,6,2,3,1,1,0,10,-1,PUNT
106034,4537,743710,NO,3,PUNT,2,6,49,24,13,5,0,3,1,16,5,43,7,5,15,0,74,FG
106035,4537,743725,MIN,3,KOFF,2,1,18,26,3,3,0,3,0,0,0,74,3,3,0,0,74,TD
106036,4537,743730,NO,4,KOFF,2,2,25,25,3,0,0,0,0,3,2,-6,1,1,5,0,2,PUNT
106037,4537,743735,MIN,4,PUNT,2,1,43,5,10,8,1,3,0,15,2,83,8,7,2,5,95,TD
106038,4537,743749,MIN,5,KOFF,3,3,53,33,8,4,1,1,0,20,4,34,3,2,0,0,54,FG
106039,4537,743758,NO,5,KOFF,3,1,39,25,3,0,0,0,0,2,1,-7,2,0,0,0,-5,PUNT
106040,4537,743762,MIN,6,PUNT,3,3,59,32,6,1,0,1,0,-8,2,30,4,3,0,0,22,PUNT
106041,4537,743769,NO,6,PUNT,3,2,46,11,8,3,0,3,0,5,2,78,5,3,0,0,83,FG
106042,4537,743778,MIN,7,KOFF,3,4,51,11,9,5,1,2,0,42,6,42,3,2,5,0,89,TD
106043,4537,743789,NO,7,KOFF,4,5,3,25,12,6,0,3,0,6,2,67,9,7,0,0,73,FG
106044,4537,743802,MIN,8,KOFF,4,3,49,25,8,4,0,2,0,10,4,38,3,3,0,0,48,FG
106045,4537,743811,NO,8,KOFF,4,2,5,25,8,8,0,4,0,0,0,75,8,8,0,0,75,TD
106046,4537,743821,MIN,9,KOFF,4,1,55,52,5,1,1,0,0,33,5,0,0,0,0,0,33,ENDQ
106047,4538,743827,DEN,1,KOFF,1,2,30,25,6,2,0,1,0,3,2,10,4,2,0,0,13,PUNT
106048,4538,743834,LAC,1,PUNT,1,1,35,11,4,2,1,0,0,26,2,0,2,0,0,5,21,PUNT
106049,4538,743840,DEN,2,PUNT,1,6,5,30,13,7,1,4,0,29,6,41,7,4,0,0,70,TD
106050,4538,743855,LAC,2,KOFF,1,4,55,25,9,3,1,2,1,15,6,20,3,2,40,0,75,TD
106051,4538,743867,DEN,3,KOFF,2,1,36,25,3,0,0,0,0,2,1,2,2,1,0,0,4,PUNT
106052,4538,743871,LAC,3,PUNT,2,3,14,15,6,3,0,1,0,10,4,3,2,1,0,0,13,PUNT
106053,4538,743878,DEN,4,PUNT,2,4,38,44,9,6,3,2,0,34,6,22,3,2,0,0,56,TD
106054,4538,743889,LAC,4,KOFF,2,3,41,25,7,3,0,2,0,7,3,29,4,3,0,0,36,PUNT
106055,4538,743897,DEN,5,PUNT,2,1,46,18,5,2,1,0,0,20,4,-10,1,0,0,0,10,ENDQ
106056,4538,743903,LAC,5,KOFF,3,1,33,25,3,0,0,0,0,4,2,0,1,0,0,0,4,INT
106057,4538,743906,DEN,6,INT,3,3,0,57,6,4,0,2,0,13,3,35,3,2,0,5,43,TD
106058,4538,743915,LAC,6,KOFF,3,2,11,25,3,0,0,0,0,0,0,1,3,2,0,0,1,PUNT
106059,4538,743919,DEN,7,PUNT,3,8,16,20,14,8,2,4,0,22,6,56,7,5,0,0,78,FG
106060,4538,743934,LAC,7,KOFF,4,3,2,25,6,2,0,1,0,-4,2,29,4,4,0,0,25,DWNS
106061,4538,743940,DEN,8,DWNS,4,1,21,51,3,0,0,0,0,0,2,0,1,0,0,0,0,INT
106062,4538,743943,LAC,8,INT,4,2,27,57,6,4,0,4,0,4,1,39,5,4,0,15,43,TD
106063,4538,743951,DEN,9,KOFF,4,1,3,38,2,1,1,0,0,8,2,0,0,0,0,0,8,FUM
106064,4538,743953,LAC,9,FUM,4,0,7,62,1,1,0,1,1,0,0,38,1,1,0,0,38,TD
106065,4538,743956,DEN,10,KOFF,4,2,53,25,5,2,0,1,0,3,1,25,3,1,15,0,43,MFG
106066,4538,743961,LAC,10,MFG,4,1,3,40,4,1,0,1,0,0,0,9,4,2,0,0,9,PUNT
106067,4538,743966,DEN,11,PUNT,4,1,4,15,3,2,0,0,0,7,2,0,1,0,0,0,7,PUNT
106068,4538,743970,LAC,11,PUNT,4,1,59,38,8,3,1,0,1,2,2,17,5,3,17,0,36,BLFG
106069,4538,743979,DEN,12,BLFG,4,0,1,34,1,0,0,0,0,-1,1,0,0,0,0,0,-1,ENDQ
106070,4539,743981,HOU,1,KOFF,1,1,1,25,3,1,0,0,0,4,1,0,2,0,0,0,4,PUNT
106071,4539,743985,CIN,1,PUNT,1,1,59,46,4,1,0,0,0,5,1,3,3,2,0,15,-2,PUNT
106072,4539,743991,HOU,2,PUNT,1,1,53,3,3,0,0,0,0,2,2,5,1,1,0,0,7,PUNT
106073,4539,743995,CIN,2,PUNT,1,1,52,45,3,0,0,0,0,2,1,2,2,1,5,0,9,PUNT
106074,4539,744000,HOU,3,PUNT,1,3,2,15,5,3,1,0,0,14,2,-6,3,1,0,0,8,PUNT
106075,4539,744006,CIN,3,PUNT,1,0,41,61,1,0,1,0,0,12,1,0,0,0,0,5,7,FUM
106076,4539,744008,HOU,4,FUM,1,3,4,80,6,2,1,0,1,17,4,0,1,0,0,5,12,FG
106077,4539,744016,CIN,4,KOFF,1,2,44,36,5,1,0,1,0,-5,1,48,3,2,0,0,43,FG
106078,4539,744022,HOU,5,KOFF,2,3,24,25,6,1,0,1,0,1,2,12,4,2,0,0,13,PUNT
106079,4539,744029,CIN,5,PUNT,2,3,3,14,6,2,0,1,0,15,5,13,1,1,0,0,28,PUNT
106080,4539,744036,HOU,6,PUNT,2,2,1,20,3,2,0,0,0,9,3,0,0,0,0,0,9,PUNT
106081,4539,744040,CIN,6,PUNT,2,0,46,20,3,1,0,0,0,7,1,0,2,0,0,0,7,PUNT
106082,4539,744044,HOU,7,PUNT,2,3,40,6,9,6,1,3,0,59,4,35,5,4,0,0,94,TD
106083,4539,744055,CIN,7,KOFF,2,0,50,25,6,3,0,2,0,0,0,64,5,3,0,0,64,FG
106084,4539,744063,CIN,8,KOFF,3,8,34,25,17,8,3,2,0,23,8,35,8,5,5,0,63,FG
106085,4539,744082,HOU,8,KOFF,3,3,24,25,7,3,1,0,1,12,4,6,3,1,6,0,24,PUNT
106086,4539,744091,CIN,9,PUNT,3,2,30,11,6,3,0,1,0,8,2,20,4,2,0,0,28,PUNT
106087,4539,744098,HOU,9,PUNT,3,1,52,16,3,2,0,0,0,0,2,7,1,1,0,0,7,PUNT
106088,4539,744102,CIN,10,PUNT,4,2,25,25,5,2,1,0,0,10,3,5,2,1,0,0,15,PUNT
106089,4539,744108,HOU,10,PUNT,4,1,22,8,3,1,0,0,0,0,2,8,1,1,0,8,8,PUNT
106090,4539,744112,CIN,11,PUNT,4,1,33,47,3,0,0,0,0,5,1,-3,2,0,0,0,2,PUNT
106091,4539,744116,HOU,11,PUNT,4,6,24,10,13,6,2,2,0,41,6,31,6,4,14,20,66,FG
106092,4539,744133,CIN,12,KOFF,4,0,48,31,5,2,0,1,0,0,0,18,5,2,0,5,13,DWNS
106093,4539,744139,HOU,12,DWNS,4,1,6,56,3,2,0,0,0,9,3,0,0,0,0,5,4,PUNT
106094,4539,744144,CIN,13,PUNT,4,0,2,20,1,0,0,0,0,0,0,-3,1,1,0,0,-3,ENDQ
106095,4540,744146,ARI,1,KOFF,1,1,37,25,3,0,0,0,0,2,1,-7,2,0,0,0,-5,PUNT
106096,4540,744150,IND,1,PUNT,1,5,45,47,14,6,2,2,0,25,7,22,7,2,6,0,53,TD
106097,4540,744167,ARI,2,KOFF,1,1,50,18,3,1,0,0,0,5,2,0,1,0,0,0,5,PUNT
106098,4540,744171,IND,2,PUNT,1,4,21,40,8,3,0,2,0,0,4,32,3,3,0,0,32,FG
106099,4540,744180,ARI,3,KOFF,1,3,27,25,7,3,0,2,0,3,2,71,5,4,0,0,74,DWNS
106100,4540,744187,IND,3,DWNS,2,1,15,1,3,0,0,0,0,1,1,8,2,1,0,0,9,PUNT
106101,4540,744192,ARI,4,PUNT,2,5,49,37,15,6,1,3,0,27,5,42,9,4,0,15,54,FG
106102,4540,744209,IND,4,KOFF,2,1,51,20,3,0,0,0,0,2,1,-8,2,0,10,0,-1,PUNT
106103,4540,744215,ARI,5,PUNT,2,2,43,28,7,4,0,3,0,4,1,42,6,3,0,0,46,INT
106104,4540,744222,IND,5,INT,2,1,22,35,6,2,1,1,0,13,2,1,4,1,0,10,4,ENDQ
106105,4540,744230,IND,6,KOFF,3,1,21,25,4,1,0,1,0,3,1,20,3,1,0,0,23,PUNT
106106,4540,744235,ARI,6,PUNT,3,1,32,13,3,1,0,0,0,3,1,5,2,1,0,0,8,PUNT
106107,4540,744239,IND,7,PUNT,3,3,13,25,7,4,2,0,0,22,5,9,2,1,0,0,31,PUNT
106108,4540,744247,ARI,7,PUNT,3,2,54,13,6,1,0,1,0,6,2,16,4,1,0,0,22,PUNT
106109,4540,744254,IND,8,PUNT,3,9,18,13,16,8,1,4,0,10,6,76,9,7,0,10,76,FG
106110,4540,744273,ARI,8,KOFF,4,4,4,15,7,5,1,2,0,13,3,57,4,3,15,0,85,TD
106111,4540,744282,IND,9,KOFF,4,2,4,24,3,1,0,0,0,-2,1,14,2,2,0,5,7,PUNT
106112,4540,744287,ARI,9,PUNT,4,2,9,38,6,2,0,1,0,9,3,31,2,1,0,0,40,FG
106113,4540,744294,IND,10,KOFF,4,1,29,25,4,1,0,1,0,2,1,16,3,1,0,0,18,PUNT
106114,4540,744299,ARI,10,PUNT,4,0,34,15,4,1,0,1,0,0,0,29,4,1,0,0,29,PUNT
106115,4540,744304,IND,11,PUNT,4,0,57,13,3,1,0,0,0,0,0,0,3,1,0,0,0,PUNT
106116,4540,744308,ARI,11,PUNT,4,5,25,49,4,1,0,1,0,2,2,20,1,1,5,0,27,MFG
106117,4540,744314,IND,12,KOFF,5,0,13,26,1,0,0,0,0,0,0,0,1,0,0,0,0,INT
106118,4540,744315,ARI,12,INT,5,1,45,79,4,0,0,0,0,9,3,0,0,0,0,0,9,FG
106119,4541,744320,CAR,1,KOFF,1,6,11,25,13,6,2,2,0,32,6,27,6,2,0,0,59,FG
106120,4541,744334,BUF,1,KOFF,1,1,6,25,3,0,0,0,0,0,1,9,2,1,0,0,9,PUNT
106121,4541,744338,CAR,2,PUNT,1,5,18,14,8,4,1,1,0,18,5,23,3,2,0,0,41,PUNT
106122,4541,744347,BUF,2,PUNT,1,2,1,10,3,0,0,0,0,6,2,1,1,1,0,0,7,PUNT
106123,4541,744351,CAR,3,PUNT,1,3,23,40,6,2,0,2,0,1,1,20,5,2,0,0,21,PUNT
106124,4541,744358,BUF,3,PUNT,2,3,8,2,6,1,1,0,0,16,3,5,3,3,0,11,21,PUNT
106125,4541,744365,CAR,4,PUNT,2,6,51,44,10,5,1,2,0,7,4,54,5,4,0,15,46,FG
106126,4541,744378,BUF,4,KOFF,2,0,32,25,3,0,0,0,0,13,1,-9,2,0,0,8,-4,PUNT
106127,4541,744383,CAR,5,PUNT,2,1,24,38,4,1,0,1,0,6,1,5,3,1,0,10,1,PUNT
106128,4541,744389,BUF,5,PUNT,2,0,6,21,1,0,0,0,0,-2,1,0,0,0,0,0,-2,ENDQ
106129,4541,744391,BUF,6,KOFF,3,2,27,25,6,3,1,1,0,14,3,11,3,1,5,0,30,DWNS
106130,4541,744398,CAR,6,DWNS,3,1,58,46,3,0,0,0,0,-2,2,-1,1,1,0,5,-8,PUNT
106131,4541,744402,BUF,7,PUNT,3,2,13,21,4,2,0,1,0,4,2,3,2,1,0,0,7,PUNT
106132,4541,744407,CAR,7,PUNT,3,2,9,30,3,1,0,0,0,5,1,-7,2,0,0,5,-7,PUNT
106133,4541,744412,BUF,8,PUNT,3,2,50,14,6,2,0,1,0,8,3,15,3,1,0,0,23,PUNT
106134,4541,744419,CAR,8,PUNT,3,2,56,18,6,2,0,1,0,3,1,-3,5,2,0,0,0,PUNT
106135,4541,744426,BUF,9,PUNT,3,4,18,43,9,2,0,2,0,-1,4,31,4,3,0,0,30,FG
106136,4541,744436,CAR,9,KOFF,4,8,34,25,15,9,2,3,0,8,6,60,8,6,5,0,73,FG
106137,4541,744453,BUF,10,KOFF,4,2,26,25,11,5,0,3,0,11,3,41,8,6,0,10,42,DWNS
106138,4541,744465,CAR,10,DWNS,4,0,9,33,1,0,0,0,0,-1,1,0,0,0,0,0,-1,ENDQ
106139,4542,744467,TB,1,KOFF,1,6,2,25,13,5,0,3,1,9,4,37,8,4,5,0,51,FG
106140,4542,744482,CHI,1,KOFF,1,6,26,25,11,6,0,4,0,-1,4,54,7,6,0,0,53,INT
106141,4542,744493,TB,2,INT,1,2,17,38,3,1,0,0,0,1,2,8,1,1,0,0,9,PUNT
106142,4542,744497,TB,3,PUNT,1,0,5,87,1,1,0,1,0,0,0,13,1,1,0,0,13,TD
106143,4542,744500,CHI,2,KOFF,1,3,44,13,8,5,1,2,0,17,4,15,4,2,0,10,22,FUM
106144,4542,744509,TB,4,FUM,2,3,56,65,9,3,2,0,1,28,7,0,2,0,7,0,35,TD
106145,4542,744521,CHI,3,KOFF,2,3,21,26,6,1,0,1,0,0,4,15,2,1,0,0,15,INT
106146,4542,744529,CHI,4,KOFF,2,3,5,25,6,2,0,1,0,0,2,21,4,4,0,0,21,PUNT
106147,4542,744536,TB,5,PUNT,2,1,4,20,8,3,0,3,0,0,0,53,7,4,0,5,48,FG
106148,4542,744546,CHI,5,KOFF,3,0,49,25,3,1,0,0,0,7,1,0,2,0,0,0,7,PUNT
106149,4542,744550,TB,6,PUNT,3,5,58,22,11,5,1,4,0,25,6,38,5,4,0,0,63,FUM
106150,4542,744561,CHI,6,FUM,3,2,11,35,3,1,0,0,1,-3,1,19,2,2,0,10,6,PUNT
106151,4542,744566,TB,7,PUNT,3,8,36,8,16,10,3,3,0,42,9,50,6,4,5,10,87,FG
106152,4542,744585,CHI,7,KOFF,4,2,59,10,11,6,0,4,0,0,0,62,11,6,14,0,76,DWNS
106153,4542,744596,TB,8,DWNS,4,1,43,14,3,0,0,0,0,1,1,-5,2,0,0,0,-4,PUNT
106154,4542,744600,CHI,8,PUNT,4,2,7,46,7,3,0,2,0,0,0,47,7,4,0,0,47,DWNS
106155,4542,744607,TB,9,DWNS,4,1,47,7,3,1,0,0,0,5,2,0,1,0,0,0,5,PUNT
106156,4542,744611,CHI,9,PUNT,4,2,7,38,7,5,0,3,1,0,0,57,7,6,5,0,62,TD
106157,4542,744621,TB,10,KOFF,4,1,43,25,3,1,0,0,0,6,3,0,0,0,0,0,6,ENDQ
106158,4543,744625,CLE,1,KOFF,1,1,45,25,3,0,0,0,0,3,2,0,1,0,0,5,-2,PUNT
106159,4543,744630,BAL,1,PUNT,1,3,9,28,6,2,0,2,0,1,2,25,4,2,0,0,26,PUNT
106160,4543,744637,CLE,2,PUNT,1,2,36,9,6,3,1,2,0,11,2,18,4,2,0,5,24,FUM
106161,4543,744644,BAL,2,FUM,1,3,34,67,7,4,1,2,1,9,3,20,4,4,4,0,33,TD
106162,4543,744653,CLE,3,KOFF,1,3,28,25,7,2,0,2,0,5,2,54,5,3,0,10,49,INT
106163,4543,744661,BAL,3,INT,1,1,47,28,4,2,0,1,0,7,2,3,2,1,0,0,10,INT
106164,4543,744665,CLE,4,INT,2,2,58,9,5,1,1,0,0,12,3,5,2,1,5,0,22,PUNT
106165,4543,744672,BAL,4,PUNT,2,3,26,36,6,5,1,3,0,12,3,52,3,3,0,0,64,TD
106166,4543,744680,CLE,5,KOFF,2,2,21,17,5,3,1,2,0,6,2,72,3,2,5,0,83,TD
106167,4543,744688,BAL,5,KOFF,2,2,9,25,4,1,0,1,0,1,1,6,3,1,0,0,7,PUNT
106168,4543,744693,CLE,6,PUNT,2,1,4,7,3,0,0,0,0,2,1,-2,2,0,0,4,0,PUNT
106169,4543,744698,BAL,6,PUNT,2,0,46,32,6,2,0,2,0,0,0,28,5,3,0,0,28,MFG
106170,4543,744704,CLE,7,MFG,2,0,38,48,3,2,0,1,0,0,0,12,3,2,0,5,7,INT
106171,4543,744708,BAL,7,INT,2,0,19,60,3,2,1,1,0,37,1,3,2,2,0,0,40,TD
106172,4543,744714,BAL,8,KOFF,3,2,51,25,5,1,0,1,0,6,3,13,2,1,0,0,19,PUNT
106173,4543,744721,CLE,8,PUNT,3,2,48,18,8,3,1,1,0,23,3,34,4,1,5,0,62,FG
106174,4543,744731,BAL,9,KOFF,3,1,2,25,3,0,0,0,0,0,0,-2,3,1,0,0,-2,PUNT
106175,4543,744735,CLE,9,PUNT,3,2,4,14,3,0,0,0,0,2,1,-1,2,0,0,5,-4,PUNT
106176,4543,744740,BAL,10,PUNT,3,6,19,37,11,4,2,1,0,34,6,19,4,3,0,0,53,FG
106177,4543,744752,CLE,10,KOFF,4,3,15,25,9,4,1,3,0,15,3,48,6,3,5,0,68,INT
106178,4543,744762,BAL,11,INT,4,5,6,20,8,5,3,1,0,24,5,22,3,3,0,0,46,FUM
106179,4543,744770,CLE,11,FUM,4,0,26,51,3,0,0,0,1,0,0,0,3,0,5,0,5,INT
106180,4543,744774,BAL,12,INT,4,2,29,35,6,1,0,1,0,10,5,12,1,1,5,10,17,PUNT
106181,4543,744782,CLE,12,PUNT,4,3,12,20,12,4,1,2,0,14,2,53,10,6,0,10,57,DWNS
106182,4543,744795,BAL,13,DWNS,4,0,28,23,1,0,0,0,0,-1,1,0,0,0,0,0,-1,ENDQ
106183,4544,744797,PIT,1,KOFF,1,2,18,26,3,0,0,0,0,7,2,0,1,0,0,5,2,PUNT
106184,4544,744802,MIN,1,PUNT,1,3,57,26,6,2,0,1,0,16,3,3,3,2,0,10,9,PUNT
106185,4544,744810,PIT,2,PUNT,1,5,43,22,9,6,2,1,2,26,7,35,2,2,27,15,-22,TD
106186,4544,744825,MIN,2,KOFF,1,1,19,25,3,0,0,0,0,-3,2,0,1,0,0,0,-3,PUNT
106187,4544,744829,PIT,3,PUNT,1,3,12,40,5,3,1,1,1,19,3,-3,2,1,49,5,60,TD
106188,4544,744838,MIN,3,KOFF,2,4,41,25,11,4,1,2,0,7,4,44,6,3,0,0,51,FG
106189,4544,744850,PIT,4,KOFF,2,1,0,25,3,0,0,0,0,2,1,0,2,0,0,0,2,PUNT
106190,4544,744854,MIN,4,PUNT,2,0,56,44,3,0,0,0,0,1,1,0,2,0,0,0,1,PUNT
106191,4544,744858,PIT,5,PUNT,2,1,44,11,5,1,1,0,0,11,2,0,3,0,0,0,11,PUNT
106192,4544,744864,MIN,5,PUNT,2,2,10,42,3,1,0,0,0,-3,1,-5,2,1,0,0,-8,PUNT
106193,4544,744868,PIT,6,PUNT,2,2,25,12,9,3,0,3,0,0,0,42,9,6,0,0,42,PUNT
106194,4544,744878,MIN,6,PUNT,2,0,35,9,1,1,0,0,0,7,1,0,0,0,5,0,12,ENDQ
106195,4544,744881,MIN,7,KOFF,3,0,35,30,4,1,0,0,0,6,1,0,3,0,0,0,6,DWNS
106196,4544,744885,PIT,7,DWNS,3,2,6,64,4,0,0,0,0,-2,1,5,2,2,5,0,8,FG
106197,4544,744891,MIN,8,KOFF,3,2,22,18,6,6,3,1,0,40,4,25,2,2,17,0,82,TD
106198,4544,744900,PIT,8,KOFF,3,4,52,15,10,4,0,3,0,8,3,66,6,4,0,0,74,FG
106199,4544,744911,MIN,9,KOFF,3,4,58,17,9,4,0,2,0,8,1,45,8,6,0,20,33,PUNT
106200,4544,744923,PIT,9,PUNT,3,5,8,19,8,5,0,2,1,7,3,45,5,5,5,10,52,PUNT
106201,4544,744935,MIN,10,PUNT,4,1,57,1,5,2,0,1,0,12,2,5,3,1,0,0,17,PUNT
106202,4544,744942,PIT,10,PUNT,4,4,44,17,11,7,2,2,0,21,5,43,5,3,0,0,64,FG
106203,4544,744954,MIN,11,KOFF,4,1,5,25,6,2,0,1,0,0,0,20,6,2,0,15,5,DWNS
106204,4544,744962,PIT,11,DWNS,4,0,20,70,4,0,0,0,0,5,3,0,0,0,0,0,5,FG
106205,4544,744967,MIN,12,KOFF,4,1,3,25,4,0,0,1,0,0,0,9,4,3,0,0,9,FUM
106206,4544,744971,PIT,12,FUM,4,0,50,61,2,0,0,0,1,-2,2,0,0,0,0,0,-2,ENDQ
106207,4545,744974,NE,1,KOFF,1,4,29,25,10,6,1,4,0,16,3,59,7,6,0,0,75,TD
106208,4545,744986,NO,1,KOFF,1,2,53,38,7,3,0,2,0,9,3,25,3,2,0,0,34,FG
106209,4545,744994,NE,2,KOFF,1,2,9,25,5,3,0,2,0,4,2,71,3,2,0,0,75,TD
106210,4545,745001,NO,2,KOFF,1,1,20,28,3,0,0,0,0,0,0,11,3,2,0,10,1,PUNT
106211,4545,745006,NE,3,PUNT,1,3,53,33,9,5,1,3,0,20,4,47,5,3,0,0,67,TD
106212,4545,745017,NO,3,KOFF,1,3,24,20,9,6,1,3,0,14,3,61,6,4,5,0,80,TD
106213,4545,745029,NE,4,KOFF,2,1,21,25,3,0,0,0,0,0,0,-5,3,1,0,0,-5,PUNT
106214,4545,745033,NO,4,PUNT,2,2,13,39,7,1,0,1,0,3,2,42,4,1,5,5,45,FG
106215,4545,745043,NE,5,KOFF,2,3,31,25,6,5,1,3,0,9,3,66,3,3,0,0,75,TD
106216,4545,745051,NO,5,KOFF,2,2,24,29,6,3,0,1,0,-1,1,47,5,3,0,0,46,DWNS
106217,4545,745057,NE,6,DWNS,2,2,23,25,9,5,1,2,0,18,3,57,5,4,0,10,65,FG
106218,4545,745067,NO,6,KOFF,3,3,51,25,8,3,1,1,0,12,3,20,5,2,0,0,32,PUNT
106219,4545,745076,NE,7,PUNT,3,3,35,11,8,3,0,1,0,7,4,16,4,2,10,0,33,PUNT
106220,4545,745087,NO,7,PUNT,3,2,39,34,7,3,1,1,0,14,3,21,3,1,0,0,35,MFG
106221,4545,745094,NE,8,MFG,3,4,15,39,9,4,2,1,0,21,4,34,4,3,0,0,55,FG
106222,4545,745104,NO,8,KOFF,3,1,21,33,3,1,0,0,0,0,0,15,3,2,0,10,5,PUNT
106223,4545,745109,NE,9,PUNT,4,5,30,11,9,6,0,3,0,11,2,85,6,5,0,16,80,FG
106224,4545,745121,NO,9,KOFF,4,3,46,25,10,7,1,4,0,2,1,73,9,7,0,0,75,TD
106225,4545,745133,NE,10,KOFF,4,3,59,56,7,4,2,0,0,13,6,6,1,1,0,10,14,PUNT
106226,4545,745143,NO,10,PUNT,4,1,4,8,6,4,1,2,0,28,1,33,5,3,0,0,61,ENDQ
106227,4546,745150,KC,1,KOFF,1,3,38,11,8,5,0,2,0,10,2,63,5,3,0,0,73,FG
106228,4546,745159,PHI,1,KOFF,1,6,54,26,11,4,1,3,0,21,3,42,7,5,5,10,58,FG
106229,4546,745173,KC,2,KOFF,1,4,3,25,7,2,0,2,0,3,2,33,5,3,0,0,36,PUNT
106230,4546,745181,PHI,2,PUNT,1,5,9,20,8,3,0,2,0,2,4,24,4,2,5,0,31,PUNT
106231,4546,745191,KC,3,PUNT,2,5,13,30,6,2,1,0,0,7,3,9,3,2,5,5,16,PUNT
106232,4546,745201,PHI,3,PUNT,2,2,38,7,6,2,0,1,0,6,1,1,5,1,0,0,7,PUNT
106233,4546,745208,KC,4,PUNT,2,1,19,37,3,0,0,0,0,2,1,0,2,1,0,0,2,PUNT
106234,4546,745212,KC,5,PUNT,2,0,49,76,4,0,0,0,0,0,0,3,3,1,0,0,3,FG
106235,4546,745217,PHI,4,KOFF,2,0,17,25,3,2,1,1,0,11,1,53,1,1,0,0,64,MFG
106236,4546,745221,PHI,5,KOFF,3,2,18,25,6,2,0,1,0,3,1,30,5,2,0,0,33,PUNT
106237,4546,745228,KC,6,PUNT,3,4,14,13,6,3,0,3,0,1,1,37,5,4,0,0,38,PUNT
106238,4546,745235,PHI,6,PUNT,3,4,20,19,7,7,1,5,0,11,2,70,5,5,0,0,81,TD
106239,4546,745244,KC,7,KOFF,3,2,48,17,5,4,2,1,0,64,3,19,2,2,0,15,83,TD
106240,4546,745251,PHI,7,KOFF,3,4,23,34,10,5,1,2,0,18,2,31,7,3,0,5,44,FG
106241,4546,745263,KC,8,KOFF,4,1,3,34,3,1,0,0,0,0,0,6,3,1,0,0,6,PUNT
106242,4546,745267,PHI,8,PUNT,4,1,38,20,4,1,1,0,0,11,2,0,2,0,0,0,11,INT
106243,4546,745271,KC,9,INT,4,2,51,69,5,4,1,1,0,4,2,27,3,3,0,0,31,TD
106244,4546,745278,PHI,9,KOFF,4,0,58,25,3,0,0,0,0,0,0,-3,3,0,0,0,-3,PUNT
106245,4546,745282,KC,10,PUNT,4,3,13,44,6,5,2,1,0,21,5,35,1,1,0,0,56,TD
106246,4546,745290,PHI,10,KOFF,4,2,9,25,13,7,1,4,0,24,1,51,12,6,0,0,75,TD
106247,4546,745305,PHI,11,KOFF,4,0,5,61,1,0,0,0,0,0,0,0,1,0,0,0,0,ENDQ
106248,4547,745307,TEN,1,KOFF,1,1,35,25,3,0,0,0,0,3,2,0,1,0,0,0,3,PUNT
106249,4547,745311,JAC,1,PUNT,1,6,1,24,12,7,2,1,0,27,7,24,4,2,0,0,51,FG
106250,4547,745324,TEN,2,KOFF,1,5,8,25,11,7,0,3,0,19,4,34,6,3,0,0,53,FG
106251,4547,745336,JAC,2,KOFF,1,1,29,25,3,1,0,0,0,4,2,0,1,0,0,0,4,PUNT
106252,4547,745340,TEN,3,PUNT,1,1,24,28,3,0,0,0,0,10,2,-4,1,0,0,5,1,PUNT
106253,4547,745345,JAC,3,PUNT,2,0,53,29,3,0,0,0,0,4,1,0,2,0,0,0,4,PUNT
106254,4547,745349,TEN,4,PUNT,2,1,39,14,3,1,0,0,0,0,1,4,2,1,0,0,4,PUNT
106255,4547,745353,JAC,4,PUNT,2,2,59,41,5,3,1,1,0,11,3,-3,2,1,0,10,-2,FUM
106256,4547,745359,TEN,5,FUM,2,1,19,61,3,1,1,0,1,17,1,-2,2,1,0,0,15,INT
106257,4547,745362,JAC,5,INT,2,5,20,16,10,4,2,2,1,29,6,13,4,2,15,15,42,INT
106258,4547,745373,TEN,6,INT,2,2,13,39,10,5,1,1,0,9,2,44,7,4,5,20,38,FG
106259,4547,745387,JAC,6,KOFF,3,0,56,25,3,1,0,0,0,4,1,0,2,0,0,0,4,INT
106260,4547,745390,TEN,7,INT,3,4,40,61,10,3,1,1,0,14,5,27,4,2,0,10,31,FG
106261,4547,745401,JAC,7,KOFF,3,2,2,25,3,0,0,0,0,1,1,5,2,1,0,10,-4,PUNT
106262,4547,745406,TEN,8,PUNT,3,0,46,66,2,2,1,1,0,17,1,17,1,1,0,0,34,TD
106263,4547,745410,JAC,8,KOFF,3,2,13,9,4,1,0,1,0,1,1,6,3,1,0,10,-3,PUNT
106264,4547,745416,TEN,9,PUNT,3,1,34,51,3,3,1,1,0,7,2,42,1,1,15,0,49,TD
106265,4547,745421,JAC,9,KOFF,3,2,33,15,7,2,0,2,0,0,0,32,7,4,0,10,22,PUNT
106266,4547,745430,TEN,10,PUNT,3,5,19,14,8,8,3,2,0,42,6,49,2,2,5,10,86,TD
106267,4547,745442,JAC,10,KOFF,4,2,51,25,7,6,1,3,0,7,2,68,4,4,0,0,75,TD
106268,4547,745450,TEN,11,KOFF,4,2,52,75,6,5,3,0,0,25,5,0,1,0,0,0,25,TD
106269,4547,745458,JAC,11,KOFF,4,2,3,23,6,6,1,4,0,11,1,66,5,5,0,0,77,TD
106270,4547,745466,TEN,12,KOFF,4,2,11,20,5,3,1,0,0,16,5,0,0,0,0,0,16,ENDQ
106271,4548,745472,LAC,1,KOFF,1,1,35,25,3,1,0,0,0,6,2,0,1,0,0,0,6,PUNT
106272,4548,745476,MIA,1,PUNT,1,6,18,18,13,5,2,3,1,29,6,31,6,4,15,5,70,FG
106273,4548,745491,LAC,2,KOFF,1,3,34,25,4,1,0,1,0,-4,1,28,3,3,0,10,19,PUNT
106274,4548,745498,MIA,2,PUNT,1,2,16,12,3,1,0,0,0,6,2,-2,1,1,0,0,4,PUNT
106275,4548,745502,LAC,3,PUNT,1,2,36,54,6,2,0,1,0,-2,1,25,4,3,0,0,23,FG
106276,4548,745509,MIA,3,KOFF,2,4,43,17,8,4,1,1,0,8,4,26,4,4,0,0,34,PUNT
106277,4548,745518,LAC,4,PUNT,2,3,57,30,7,4,2,2,0,28,5,39,2,2,3,0,70,TD
106278,4548,745529,MIA,4,KOFF,2,2,0,34,3,0,0,0,0,3,2,5,1,1,0,0,8,PUNT
106279,4548,745533,LAC,5,PUNT,2,2,31,20,10,6,0,3,0,3,1,52,8,6,0,0,55,MFG
106280,4548,745543,MIA,5,MFG,2,0,30,33,6,2,0,1,0,0,0,15,6,3,0,0,15,DWNS
106281,4548,745550,MIA,6,KOFF,3,2,53,25,7,5,2,2,1,20,4,40,3,2,15,0,75,TD
106282,4548,745559,LAC,6,KOFF,3,3,49,23,8,6,1,5,0,11,1,66,7,5,0,0,77,TD
106283,4548,745569,MIA,7,KOFF,3,5,35,23,12,5,1,3,0,15,5,52,6,3,0,0,67,FG
106284,4548,745582,LAC,7,KOFF,3,4,10,21,7,3,0,3,0,3,1,44,6,4,0,10,37,PUNT
106285,4548,745591,MIA,8,PUNT,4,7,5,19,14,5,1,3,0,17,5,57,8,5,0,10,64,FG
106286,4548,745606,LAC,8,KOFF,4,3,26,6,6,2,0,1,0,-1,1,20,5,4,0,0,19,PUNT
106287,4548,745613,MIA,9,PUNT,4,1,57,49,5,1,1,0,0,14,3,1,1,1,0,0,15,FG
106288,4548,745619,LAC,9,KOFF,4,1,0,20,6,4,0,3,0,0,1,49,4,4,5,0,54,MFG
106289,4548,745626,MIA,10,MFG,4,0,5,34,1,0,0,0,0,-1,1,0,0,0,0,0,-1,ENDQ
106290,4549,745628,OAK,1,KOFF,1,2,12,16,3,0,0,0,0,5,2,7,1,1,0,7,5,PUNT
106291,4549,745632,NYJ,1,PUNT,1,1,55,40,3,0,0,0,0,2,3,0,0,0,0,0,2,PUNT
106292,4549,745636,OAK,2,PUNT,1,5,59,19,11,8,1,4,0,29,4,47,7,5,5,0,81,TD
106293,4549,745650,NYJ,2,KOFF,1,2,21,38,4,1,0,1,0,1,1,18,3,1,0,0,19,PUNT
106294,4549,745655,OAK,3,PUNT,1,4,38,15,8,4,0,3,0,4,3,88,5,5,0,7,85,TD
106295,4549,745666,NYJ,3,KOFF,2,3,47,25,7,5,0,3,1,14,3,46,4,4,15,0,75,TD
106296,4549,745675,OAK,4,KOFF,2,1,22,15,4,2,0,1,0,8,1,21,3,1,0,0,29,PUNT
106297,4549,745680,NYJ,4,PUNT,2,4,40,10,11,7,2,2,1,30,5,17,5,3,15,0,62,FG
106298,4549,745692,OAK,5,KOFF,2,1,16,25,3,0,0,0,0,2,1,4,2,1,0,0,6,PUNT
106299,4549,745696,OAK,6,PUNT,2,1,29,96,3,1,1,0,0,4,3,0,0,0,0,0,4,TD
106300,4549,745701,NYJ,5,KOFF,2,0,21,25,1,0,0,0,0,-1,1,0,0,0,0,0,-1,ENDQ
106301,4549,745703,NYJ,6,KOFF,3,7,50,33,12,6,3,0,0,49,7,6,4,3,0,10,45,FG
106302,4549,745718,OAK,7,KOFF,3,3,39,16,7,5,2,1,1,59,4,10,3,3,15,0,84,TD
106303,4549,745727,NYJ,7,KOFF,3,3,42,25,6,2,0,1,0,2,1,8,5,2,5,0,15,PUNT
106304,4549,745735,OAK,8,PUNT,4,2,0,21,4,4,2,1,0,59,2,20,2,2,0,0,79,TD
106305,4549,745741,NYJ,8,KOFF,4,0,12,25,1,0,0,1,0,0,0,-7,1,0,0,0,-7,FUM
106306,4549,745742,OAK,9,FUM,4,0,10,82,1,1,0,1,1,0,0,1,1,1,17,0,18,TD
106307,4549,745746,NYJ,9,KOFF,4,3,47,25,10,7,1,3,0,18,3,57,7,4,0,0,75,TD
106308,4549,745758,OAK,10,KOFF,4,8,15,52,12,5,0,3,0,10,7,32,4,4,0,5,37,FG
106309,4549,745772,NYJ,10,KOFF,4,0,25,25,1,1,1,0,0,11,1,0,0,0,0,0,11,ENDQ
106310,4550,745774,DAL,1,KOFF,1,1,50,25,3,1,0,0,0,0,1,9,2,2,0,0,9,PUNT
106311,4550,745778,DEN,1,PUNT,1,3,45,22,8,6,1,3,0,4,2,74,6,5,0,0,78,TD
106312,4550,745788,DAL,2,KOFF,1,3,2,25,4,3,0,1,0,3,1,17,3,3,0,5,15,PUNT
106313,4550,745794,DEN,2,PUNT,1,3,59,6,10,7,2,1,0,45,5,18,4,2,0,0,63,MFG
106314,4550,745804,DAL,3,MFG,1,2,36,39,6,1,0,1,0,9,2,13,4,2,0,0,22,PUNT
106315,4550,745811,DEN,3,PUNT,2,1,23,20,3,1,0,1,0,5,2,-16,1,0,0,0,-11,FUM
106316,4550,745814,DAL,4,FUM,2,0,46,97,2,1,0,1,1,0,1,3,1,1,0,0,3,TD
106317,4550,745818,DEN,4,KOFF,2,6,45,19,14,9,2,3,0,18,6,48,8,5,15,0,81,TD
106318,4550,745835,DAL,5,KOFF,2,1,34,25,3,1,0,0,0,0,0,6,3,1,0,10,-4,PUNT
106319,4550,745840,DEN,5,PUNT,2,2,42,49,8,7,3,1,0,25,4,26,4,4,0,0,51,TD
106320,4550,745850,DAL,6,KOFF,2,1,36,25,8,4,0,2,0,0,0,37,7,5,0,0,37,FG
106321,4550,745859,DEN,6,KOFF,2,0,2,25,1,0,0,0,0,-1,1,0,0,0,0,0,-1,ENDQ
106322,4550,745861,DEN,7,KOFF,3,7,4,25,15,9,1,4,1,30,7,45,8,5,10,10,75,TD
106323,4550,745880,DAL,7,KOFF,3,1,28,25,2,0,0,0,1,-5,1,0,1,0,20,5,10,INT
106324,4550,745885,DEN,8,INT,3,0,14,77,2,1,1,0,0,23,1,0,1,0,0,0,23,TD
106325,4550,745889,DAL,8,KOFF,3,4,4,25,11,4,0,2,0,8,3,25,8,4,0,0,33,DWNS
106326,4550,745900,DEN,9,DWNS,3,0,11,42,1,0,0,0,0,0,0,0,1,0,0,0,0,INT
106327,4550,745901,DAL,9,INT,3,2,35,61,6,2,1,1,0,6,2,38,4,3,0,5,39,TD
106328,4550,745910,DEN,10,KOFF,4,2,1,25,3,1,0,0,0,1,2,7,1,1,0,0,8,PUNT
106329,4550,745914,DAL,10,PUNT,4,0,50,19,3,1,0,0,0,0,0,7,3,1,0,0,7,PUNT
106330,4550,745918,DEN,11,PUNT,4,5,20,6,6,2,1,0,1,25,6,0,0,0,14,15,24,PUNT
106331,4550,745928,DAL,11,PUNT,4,2,27,35,8,4,0,2,1,11,1,42,7,4,5,0,58,DWNS
106332,4550,745937,DEN,12,DWNS,4,0,24,7,3,1,0,0,0,3,3,0,0,0,0,0,3,PUNT
106333,4550,745941,DAL,12,PUNT,4,2,29,63,9,3,0,2,0,0,0,31,9,4,5,5,31,INT
106334,4550,745954,DAL,13,KOFF,4,0,53,25,2,1,0,0,0,8,2,0,0,0,0,0,8,ENDQ
106335,4551,745957,SEA,1,KOFF,1,6,22,25,16,4,1,3,0,14,6,50,9,5,5,0,68,FG
106336,4551,745975,SF,1,KOFF,1,1,31,25,3,1,0,0,0,4,2,0,1,0,5,0,9,PUNT
106337,4551,745980,SEA,2,PUNT,1,1,28,17,3,0,0,0,0,2,1,-1,2,0,0,0,1,PUNT
106338,4551,745984,SF,2,PUNT,1,0,8,39,1,0,0,0,0,0,0,0,1,0,0,0,0,INT
106339,4551,745985,SEA,3,INT,1,4,42,64,10,3,0,2,0,3,3,24,6,4,0,0,27,FG
106340,4551,745996,SF,3,KOFF,1,2,18,32,4,1,1,0,1,6,1,7,3,3,5,0,18,PUNT
106341,4551,746001,SEA,4,PUNT,2,3,45,3,8,3,0,2,0,11,4,25,4,3,0,10,26,PUNT
106342,4551,746010,SF,4,PUNT,2,2,0,35,4,1,0,1,0,0,0,28,4,3,0,11,17,PUNT
106343,4551,746015,SEA,5,PUNT,2,3,14,19,6,2,1,1,0,7,2,26,4,3,0,0,33,PUNT
106344,4551,746022,SF,5,PUNT,2,2,37,11,6,2,1,0,0,68,3,-1,2,1,0,0,67,FG
106345,4551,746029,SEA,6,KOFF,2,0,59,25,3,0,0,0,0,3,1,4,2,1,0,0,7,PUNT
106346,4551,746033,SF,6,PUNT,2,0,39,32,7,2,1,0,0,25,2,9,4,1,15,0,49,FG
106347,4551,746041,SEA,7,KOFF,2,0,17,22,1,0,0,0,0,-1,1,0,0,0,0,0,-1,ENDQ
106348,4551,746043,SF,7,KOFF,3,3,3,26,6,1,0,1,0,7,3,4,3,1,5,0,16,PUNT
106349,4551,746051,SEA,8,PUNT,3,5,8,7,10,5,1,2,1,13,3,30,7,4,20,10,53,PUNT
106350,4551,746064,SF,8,PUNT,3,2,4,6,3,0,0,0,0,1,1,4,2,1,0,0,5,PUNT
106351,4551,746068,SEA,9,PUNT,3,0,55,42,3,0,0,0,0,-1,1,0,2,0,0,0,-1,PUNT
106352,4551,746072,SF,9,PUNT,3,2,25,13,4,2,0,1,0,14,2,11,2,1,0,10,15,PUNT
106353,4551,746078,SEA,10,PUNT,3,0,51,33,3,0,0,0,0,0,1,0,2,0,0,0,0,PUNT
106354,4551,746082,SF,10,PUNT,3,3,58,30,10,6,3,1,0,34,4,20,5,2,0,0,54,FG
106355,4551,746093,SEA,11,KOFF,4,4,30,18,10,8,3,1,1,44,6,23,4,3,20,5,82,TD
106356,4551,746107,SF,11,KOFF,4,2,19,20,3,0,0,0,0,0,1,7,2,2,0,0,7,PUNT
106357,4551,746111,SEA,12,PUNT,4,4,47,12,8,4,3,0,0,36,8,0,0,0,0,0,36,ENDQ
106358,4552,746120,LA,1,KOFF,1,2,53,25,6,3,0,1,0,3,1,18,5,3,0,0,21,PUNT
106359,4552,746127,WAS,1,PUNT,1,7,24,21,14,8,0,4,0,22,6,35,7,4,0,0,57,FG
106360,4552,746142,LA,2,KOFF,1,1,31,2,3,1,0,0,0,6,1,2,2,1,0,0,8,PUNT
106361,4552,746146,WAS,2,PUNT,1,3,18,35,6,4,4,0,0,60,6,0,0,0,5,0,65,TD
106362,4552,746155,LA,3,KOFF,2,0,15,28,1,0,1,0,0,2,1,0,0,0,0,0,2,FUM
106363,4552,746156,WAS,3,FUM,2,2,33,70,7,3,0,1,1,11,3,15,3,1,0,0,26,FG
106364,4552,746164,LA,4,KOFF,2,2,7,25,4,3,1,1,0,1,2,74,2,2,0,0,75,TD
106365,4552,746171,WAS,4,KOFF,2,2,44,25,5,2,1,0,0,13,3,-12,2,0,0,0,1,PUNT
106366,4552,746177,LA,5,PUNT,2,4,12,32,9,3,0,2,0,8,3,41,5,3,5,0,54,FG
106367,4552,746188,WAS,5,KOFF,2,1,19,25,4,3,1,1,0,61,2,14,2,2,0,0,75,TD
106368,4552,746194,LA,6,KOFF,2,0,30,25,3,0,0,0,0,6,1,-12,2,0,0,0,-6,PUNT
106369,4552,746198,WAS,6,PUNT,2,1,7,45,3,1,0,0,0,0,0,6,3,2,0,0,6,PUNT
106370,4552,746202,LA,7,PUNT,2,0,7,8,1,0,0,0,0,-1,1,0,0,0,0,0,-1,ENDQ
106371,4552,746204,WAS,7,KOFF,3,2,51,25,5,1,0,1,0,-1,2,25,3,2,0,0,22,PUNT
106372,4552,746211,LA,8,PUNT,3,3,26,7,6,5,1,3,0,23,3,70,3,3,0,0,93,TD
106373,4552,746219,WAS,8,KOFF,3,5,9,16,9,2,1,1,1,15,4,18,4,3,25,0,51,MFG
106374,4552,746229,LA,9,MFG,3,1,6,41,3,0,0,0,0,0,0,8,3,1,0,0,8,PUNT
106375,4552,746233,WAS,9,PUNT,3,2,50,6,5,2,0,1,0,5,3,13,2,1,0,0,18,PUNT
106376,4552,746239,LA,10,PUNT,4,7,22,25,14,7,2,2,0,44,8,39,5,3,0,30,53,FG
106377,4552,746256,WAS,10,KOFF,4,5,27,30,10,6,1,3,0,38,7,42,3,3,0,10,70,TD
106378,4552,746269,LA,11,KOFF,4,0,12,28,1,0,0,0,0,0,0,0,1,0,0,0,0,INT
106379,4552,746270,WAS,11,INT,4,1,37,81,3,0,0,0,0,5,3,0,0,0,0,0,5,ENDQ
106380,4553,746274,ATL,1,KOFF,1,5,9,14,9,8,1,3,0,27,6,59,3,3,0,0,86,TD
106381,4553,746285,GB,1,KOFF,1,6,8,25,11,5,2,2,1,26,6,40,5,4,9,0,75,TD
106382,4553,746300,ATL,2,KOFF,1,0,55,25,3,0,0,0,0,0,0,-11,3,0,0,0,-11,PUNT
106383,4553,746304,GB,2,PUNT,1,2,26,36,3,1,0,0,0,2,1,5,2,1,0,10,-3,PUNT
106384,4553,746309,ATL,3,PUNT,1,4,12,13,10,6,1,4,0,5,3,82,7,4,0,0,87,TD
106385,4553,746321,GB,3,KOFF,2,3,56,25,6,3,0,1,0,-2,1,26,5,3,0,5,19,PUNT
106386,4553,746329,ATL,4,PUNT,2,3,53,9,7,2,1,1,0,36,2,22,4,3,0,0,58,FG
106387,4553,746337,GB,4,KOFF,2,1,22,25,5,0,0,0,0,0,0,-2,5,1,5,0,3,PUNT
106388,4553,746344,ATL,5,PUNT,2,0,50,44,3,0,0,0,0,1,1,0,2,0,0,0,1,PUNT
106389,4553,746348,GB,5,PUNT,2,0,22,5,2,1,0,0,0,0,0,8,2,1,0,10,-2,INT
106390,4553,746352,ATL,6,INT,2,0,28,64,4,4,0,2,0,8,1,28,3,3,15,0,36,TD
106391,4553,746358,GB,6,KOFF,2,0,19,25,1,0,0,0,0,-1,1,0,0,0,0,5,-6,ENDQ
106392,4553,746361,GB,7,KOFF,3,0,56,25,2,1,0,1,0,5,1,-15,1,0,0,0,-10,FUM
106393,4553,746365,GB,8,KOFF,3,4,31,25,11,7,1,4,0,4,1,71,9,6,0,10,65,FG
106394,4553,746378,ATL,7,KOFF,3,5,14,25,10,5,2,1,0,32,4,8,5,3,0,0,40,FG
106395,4553,746389,GB,9,KOFF,3,6,37,25,14,7,1,3,0,18,3,67,10,7,0,10,75,TD
106396,4553,746406,ATL,8,KOFF,4,3,7,25,5,3,1,0,0,22,4,0,1,0,0,0,22,PUNT
106397,4553,746412,GB,10,PUNT,4,3,44,15,8,8,0,6,0,7,1,78,7,7,0,0,85,TD
106398,4553,746422,ATL,9,KOFF,4,4,49,21,9,4,1,1,0,10,6,35,3,3,0,10,35,PUNT
106399,4553,746434,GB,11,PUNT,4,1,2,12,7,3,0,2,0,0,0,30,7,3,0,0,30,ENDQ
106400,4554,746442,DET,1,KOFF,1,3,35,19,5,2,0,1,0,5,3,20,2,2,0,0,25,PUNT
106401,4554,746448,NYG,1,PUNT,1,1,42,16,3,0,0,0,0,4,2,-3,1,0,0,0,1,PUNT
106402,4554,746452,DET,2,PUNT,1,5,43,46,9,5,1,2,0,23,4,41,5,3,5,10,54,TD
106403,4554,746464,NYG,2,KOFF,1,4,5,25,8,6,1,4,0,11,2,64,6,6,0,15,75,TD
106404,4554,746474,DET,3,KOFF,2,3,10,55,6,1,0,2,0,2,1,7,5,3,0,0,9,FUM
106405,4554,746480,NYG,3,FUM,2,0,10,36,1,0,0,0,1,0,0,0,1,0,0,0,0,INT
106406,4554,746481,DET,4,INT,2,2,52,71,5,4,0,2,0,11,3,18,2,2,0,0,29,TD
106407,4554,746488,NYG,4,KOFF,2,3,7,25,4,1,1,0,0,11,1,-12,3,1,5,0,4,PUNT
106408,4554,746494,DET,5,PUNT,2,1,12,28,3,0,0,0,0,-1,1,0,2,0,0,5,-6,PUNT
106409,4554,746499,NYG,5,PUNT,2,1,25,37,3,1,0,0,0,4,1,-7,2,0,0,0,-3,PUNT
106410,4554,746503,DET,6,PUNT,2,2,29,25,6,3,1,0,0,29,2,18,3,2,0,10,37,FG
106411,4554,746511,NYG,6,KOFF,2,0,30,26,1,1,0,0,0,8,1,0,0,0,0,0,8,ENDQ
106412,4554,746513,NYG,7,KOFF,3,2,4,25,3,1,0,0,0,4,1,0,2,1,0,0,4,PUNT
106413,4554,746517,DET,7,PUNT,3,2,13,26,3,0,0,0,0,-4,2,5,1,1,0,0,1,PUNT
106414,4554,746521,NYG,8,PUNT,3,5,45,25,10,3,0,3,0,0,3,83,6,5,0,15,68,FG
106415,4554,746534,DET,8,KOFF,3,5,17,25,8,4,1,1,0,22,5,10,3,2,10,20,22,PUNT
106416,4554,746547,NYG,9,PUNT,4,1,45,19,3,0,0,0,0,2,1,7,2,1,0,0,9,PUNT
106417,4554,746554,NYG,10,KOFF,4,2,54,25,7,1,0,1,0,4,3,21,4,3,0,0,25,DWNS
106418,4554,746561,DET,9,DWNS,4,2,14,50,3,0,0,0,0,4,2,0,1,0,0,0,4,PUNT
106419,4554,746565,NYG,11,PUNT,4,3,20,9,12,6,0,4,0,7,2,55,10,5,0,0,62,DWNS
106420,4554,746577,DET,10,DWNS,4,4,2,29,9,3,2,0,0,47,9,0,0,0,0,0,47,DWNS
106421,4554,746586,NYG,12,DWNS,4,0,26,24,1,1,0,0,0,7,1,0,0,0,0,0,7,ENDQ
106422,4555,746588,SF,1,KOFF,1,0,8,25,1,0,0,0,0,0,0,0,1,0,0,0,0,INT
106423,4555,746589,LA,1,INT,1,0,4,97,1,1,1,0,0,3,1,0,0,0,0,0,3,TD
106424,4555,746592,SF,2,KOFF,1,6,31,19,14,8,3,1,1,46,9,30,5,4,5,0,81,TD
106425,4555,746609,LA,2,KOFF,1,3,45,25,8,6,0,3,0,12,3,58,5,4,5,0,75,TD
106426,4555,746620,SF,3,KOFF,1,1,27,19,5,2,2,1,0,12,3,30,2,1,0,0,42,FUM
106427,4555,746625,LA,3,FUM,1,3,10,32,7,3,1,1,1,13,3,25,3,2,0,0,38,FG
106428,4555,746633,SF,4,KOFF,2,3,20,25,6,2,0,1,0,3,2,24,4,2,5,0,32,PUNT
106429,4555,746641,SF,5,PUNT,2,1,58,88,4,1,0,0,0,9,2,0,1,0,0,15,-6,FG
106430,4555,746648,LA,4,KOFF,2,1,7,24,3,0,0,0,0,0,0,-2,3,1,0,0,-2,PUNT
106431,4555,746652,SF,6,PUNT,2,4,44,23,8,3,0,2,0,4,3,43,4,2,5,5,47,FG
106432,4555,746663,LA,5,KOFF,2,2,57,25,9,8,1,4,0,17,4,56,5,4,2,0,75,TD
106433,4555,746675,SF,7,KOFF,2,0,49,40,3,0,0,0,0,0,0,0,3,2,0,0,0,ENDQ
106434,4555,746679,LA,6,KOFF,3,5,43,25,10,4,1,1,1,7,5,64,4,4,8,5,74,FG
106435,4555,746692,SF,8,KOFF,3,3,37,25,10,6,2,2,0,24,7,36,3,2,15,0,75,TD
106436,4555,746704,LA,7,KOFF,3,5,23,25,10,7,1,3,0,14,5,51,5,5,10,0,75,TD
106437,4555,746718,SF,9,KOFF,3,2,27,25,6,5,0,4,0,8,2,67,4,4,0,0,75,TD
106438,4555,746726,LA,8,KOFF,4,4,7,25,7,5,1,2,0,40,5,40,2,2,0,5,75,TD
106439,4555,746736,SF,10,KOFF,4,0,32,23,3,0,0,0,0,0,0,0,3,0,12,0,12,PUNT
106440,4555,746741,LA,9,PUNT,4,1,36,14,3,0,0,0,0,1,2,0,1,0,0,0,1,PUNT
106441,4555,746745,SF,11,PUNT,4,1,34,36,4,2,0,2,0,2,1,62,3,2,0,0,64,TD
106442,4555,746751,SF,12,KOFF,4,2,51,71,9,5,1,2,0,5,4,24,4,3,0,0,29,TD
106443,4555,746761,SF,13,KOFF,4,0,26,50,4,0,0,0,0,0,0,-8,4,1,0,10,-18,DWNS
106444,4555,746766,LA,10,DWNS,4,1,44,69,4,1,1,0,0,19,4,0,0,0,0,0,19,ENDQ
106445,4556,746771,BAL,1,KOFF,1,1,28,40,3,1,0,0,0,4,1,-5,2,0,0,0,-1,PUNT
106446,4556,746775,JAC,1,PUNT,1,4,27,37,9,3,0,2,0,19,4,49,4,2,0,10,58,FG
106447,4556,746786,BAL,2,KOFF,1,1,40,25,3,2,0,0,0,8,2,0,1,0,0,0,8,PUNT
106448,4556,746790,JAC,2,PUNT,1,3,53,20,7,7,1,4,0,20,2,60,5,5,0,0,80,TD
106449,4556,746799,BAL,3,KOFF,1,1,27,25,3,0,0,0,0,-1,1,-7,2,0,0,0,-8,PUNT
106450,4556,746803,JAC,3,PUNT,1,6,16,39,10,4,2,0,0,16,5,33,4,4,0,15,34,FG
106451,4556,746816,BAL,4,KOFF,2,0,56,25,3,1,0,0,0,4,1,0,2,0,0,0,4,PUNT
106452,4556,746820,JAC,4,PUNT,2,1,36,21,3,0,0,0,0,5,2,0,1,0,0,0,5,PUNT
106453,4556,746824,BAL,5,PUNT,2,0,11,20,1,0,0,0,0,0,0,0,1,0,0,0,0,INT
106454,4556,746825,JAC,5,INT,2,3,11,72,8,3,1,2,0,13,3,15,5,2,0,0,28,TD
106455,4556,746835,BAL,6,KOFF,2,2,2,25,5,1,0,1,0,4,2,4,3,2,5,0,13,PUNT
106456,4556,746842,JAC,6,PUNT,2,2,15,23,9,3,0,2,1,5,3,27,5,3,34,0,66,FG
106457,4556,746854,BAL,7,KOFF,2,0,26,25,3,0,0,0,0,0,0,4,3,2,0,0,4,PUNT
106458,4556,746858,JAC,7,PUNT,2,0,12,29,1,0,0,0,0,-1,1,0,0,0,0,0,-1,ENDQ
106459,4556,746860,JAC,8,KOFF,3,3,12,25,5,1,0,1,0,2,2,18,3,1,5,15,10,PUNT
106460,4556,746869,BAL,8,PUNT,3,1,23,5,3,1,1,0,0,11,2,0,1,0,0,0,11,INT
106461,4556,746872,JAC,9,INT,3,0,43,68,2,1,0,1,0,2,1,30,1,1,0,0,32,TD
106462,4556,746876,BAL,9,KOFF,3,1,29,25,4,2,2,1,1,7,2,3,2,1,20,0,30,FUM
106463,4556,746881,JAC,10,FUM,3,0,25,98,2,1,0,1,1,-2,1,4,1,1,15,0,2,TD
106464,4556,746885,BAL,10,KOFF,3,4,24,25,5,1,1,0,0,20,2,17,3,3,0,20,17,PUNT
106465,4556,746893,JAC,11,PUNT,3,3,28,15,7,5,3,0,0,73,5,8,2,1,4,0,85,TD
106466,4556,746902,BAL,11,KOFF,4,5,22,25,12,5,1,2,0,26,6,17,6,3,0,5,38,DWNS
106467,4556,746915,JAC,12,DWNS,4,1,1,37,3,1,0,0,0,3,1,0,2,0,0,0,3,PUNT
106468,4556,746919,BAL,12,PUNT,4,5,9,24,9,7,2,1,1,52,6,19,3,3,5,0,76,TD
106469,4556,746931,JAC,13,KOFF,4,3,24,16,5,2,0,0,1,11,5,0,0,0,5,0,16,ENDQ
106470,4557,746938,ATL,1,KOFF,1,6,43,25,12,6,0,6,0,1,3,69,9,6,5,0,75,TD
106471,4557,746953,DET,1,KOFF,1,4,50,11,8,3,0,2,0,2,2,35,6,6,0,15,22,PUNT
106472,4557,746962,ATL,2,PUNT,1,5,36,29,10,4,2,0,1,27,3,14,6,3,22,10,53,FG
106473,4557,746976,DET,2,KOFF,2,2,24,25,6,3,0,1,0,7,2,16,3,2,15,0,38,FG
106474,4557,746983,ATL,3,KOFF,2,5,27,36,9,8,3,3,0,28,6,36,3,3,0,0,64,TD
106475,4557,746995,DET,3,KOFF,2,3,10,25,9,4,1,2,0,13,3,40,5,3,0,0,53,FG
106476,4557,747005,ATL,4,KOFF,2,0,9,25,1,0,0,0,0,0,0,0,1,0,0,0,0,INT
106477,4557,747008,ATL,5,KOFF,2,1,10,25,7,2,0,1,1,12,2,37,4,2,6,10,45,FG
106478,4557,747017,DET,4,KOFF,2,0,24,25,3,0,0,0,0,0,0,0,3,0,0,0,0,PUNT
106479,4557,747021,ATL,6,PUNT,2,0,7,27,1,0,0,0,0,-1,1,0,0,0,0,0,-1,ENDQ
106480,4557,747023,DET,5,KOFF,3,1,28,25,3,0,0,0,0,-1,1,-8,2,0,0,0,-9,PUNT
106481,4557,747027,ATL,7,PUNT,3,1,55,59,5,1,0,1,0,2,1,17,3,2,0,0,19,FG
106482,4557,747033,DET,6,KOFF,3,6,46,25,12,6,0,5,0,24,6,61,6,6,0,10,75,TD
106483,4557,747047,ATL,8,KOFF,3,2,7,13,4,2,0,1,0,2,1,16,3,2,0,5,13,INT
106484,4557,747052,DET,7,INT,3,1,20,79,4,1,0,0,0,0,0,9,3,1,0,5,4,FG
106485,4557,747058,ATL,9,KOFF,3,1,34,25,4,4,2,1,0,35,3,40,1,1,0,0,75,TD
106486,4557,747064,DET,8,KOFF,4,3,2,25,8,3,1,1,0,19,3,18,4,1,0,0,37,FG
106487,4557,747073,ATL,10,KOFF,4,3,45,25,7,4,2,1,0,38,4,18,3,1,0,0,56,INT
106488,4557,747080,DET,9,INT,4,1,15,45,3,0,0,0,0,-4,1,8,2,1,0,0,4,PUNT
106489,4557,747084,ATL,11,PUNT,4,3,33,8,5,1,0,1,0,6,3,17,2,2,0,0,23,PUNT
106490,4557,747090,DET,10,PUNT,4,0,23,31,3,0,0,0,0,0,0,0,3,0,0,0,0,PUNT
106491,4557,747094,ATL,12,PUNT,4,0,29,37,3,0,0,0,0,1,1,13,2,2,0,5,9,PUNT
106492,4557,747099,DET,11,PUNT,4,2,23,11,11,5,1,4,1,11,1,74,10,5,23,20,88,ENDQ
106493,4558,747115,CLE,1,KOFF,1,1,57,25,4,1,1,0,0,10,3,0,1,0,0,0,10,PUNT
106494,4558,747120,IND,1,PUNT,1,2,23,20,3,0,0,0,0,-3,1,18,2,2,0,10,5,PUNT
106495,4558,747126,CLE,2,PUNT,1,3,33,27,5,3,0,1,0,13,2,1,3,1,0,10,4,PUNT
106496,4558,747133,IND,2,PUNT,1,2,6,26,3,0,0,0,0,8,1,0,2,1,0,0,8,PUNT
106497,4558,747137,CLE,3,PUNT,1,0,24,18,3,0,0,0,0,0,0,0,3,0,0,0,0,PUNT
106498,4558,747141,IND,3,PUNT,1,4,13,30,10,6,2,2,0,19,5,51,5,2,0,0,70,TD
106499,4558,747153,CLE,4,KOFF,1,2,2,25,5,5,2,1,0,37,4,38,1,1,0,0,75,TD
106500,4558,747160,IND,4,KOFF,2,3,16,25,6,4,2,1,1,27,4,33,2,2,15,0,75,TD
106501,4558,747169,CLE,5,KOFF,2,2,55,25,6,2,0,1,0,8,3,20,3,1,0,0,28,PUNT
106502,4558,747176,IND,5,PUNT,2,1,57,3,5,3,0,2,0,2,2,95,3,2,0,0,97,TD
106503,4558,747183,CLE,6,KOFF,2,1,7,25,3,0,0,0,0,1,1,0,2,0,0,5,1,PUNT
106504,4558,747188,IND,6,PUNT,2,1,26,55,3,2,1,0,1,11,3,0,0,0,34,0,45,TD
106505,4558,747194,CLE,7,KOFF,2,2,14,25,10,6,1,3,1,4,1,55,9,7,16,0,75,TD
106506,4558,747208,IND,7,KOFF,2,0,27,25,1,0,0,0,0,-1,1,0,0,0,0,0,-1,ENDQ
106507,4558,747210,IND,8,KOFF,3,2,13,25,3,0,0,0,0,5,2,0,1,1,0,5,0,PUNT
106508,4558,747215,CLE,8,PUNT,3,4,20,42,7,2,0,2,0,1,2,37,5,3,5,0,41,INT
106509,4558,747223,IND,9,INT,3,3,6,10,6,1,0,1,0,-3,2,12,4,2,0,0,9,PUNT
106510,4558,747230,CLE,9,PUNT,3,1,55,30,3,0,0,0,0,11,2,0,1,0,0,10,1,PUNT
106511,4558,747235,IND,10,PUNT,3,2,25,16,5,1,0,2,0,-2,2,27,3,2,0,0,25,FUM
106512,4558,747240,CLE,10,FUM,3,0,50,56,2,1,0,0,1,0,0,4,2,1,0,10,-6,INT
106513,4558,747243,IND,11,INT,3,4,53,52,10,5,1,0,1,19,6,10,3,2,5,0,34,FG
106514,4558,747255,CLE,11,KOFF,4,1,0,25,3,0,0,0,0,0,0,1,3,1,0,0,1,PUNT
106515,4558,747259,IND,12,PUNT,4,0,30,19,3,0,0,0,0,4,2,-7,1,0,0,0,-3,PUNT
106516,4558,747263,CLE,12,PUNT,4,1,53,42,5,3,1,2,0,13,1,38,4,3,12,5,58,TD
106517,4558,747271,IND,13,KOFF,4,2,50,53,3,0,0,0,0,6,2,4,1,1,0,10,0,PUNT
106518,4558,747276,CLE,13,PUNT,4,2,2,30,11,6,2,3,1,13,2,41,9,4,16,0,70,TD
106519,4558,747290,IND,14,KOFF,4,1,40,55,3,0,0,0,0,0,3,0,0,0,0,0,0,PUNT
106520,4558,747294,CLE,14,PUNT,4,0,23,9,2,0,0,0,0,0,0,0,2,0,0,4,-4,INT
106521,4559,747298,DEN,1,KOFF,1,2,8,25,3,0,0,0,0,0,1,4,2,2,0,5,-1,PUNT
106522,4559,747303,BUF,1,PUNT,1,1,47,42,3,0,0,0,0,0,1,0,2,1,0,0,0,PUNT
106523,4559,747307,DEN,2,PUNT,1,3,30,20,7,4,1,1,0,6,3,34,4,2,0,5,35,PUNT
106524,4559,747316,BUF,2,PUNT,1,1,43,20,3,1,0,0,0,6,1,0,2,1,0,0,6,PUNT
106525,4559,747320,DEN,3,PUNT,1,5,3,27,12,3,0,3,0,7,4,45,7,4,1,0,53,FG
106526,4559,747334,BUF,3,KOFF,1,4,8,26,10,6,1,3,0,10,5,64,5,4,0,0,74,TD
106527,4559,747346,DEN,4,KOFF,2,1,15,21,3,3,2,0,1,44,2,7,1,1,28,0,79,TD
106528,4559,747352,BUF,4,KOFF,2,3,50,25,8,4,1,1,0,15,3,20,5,3,0,5,35,PUNT
106529,4559,747362,DEN,5,PUNT,2,1,50,5,3,0,0,0,0,1,1,5,2,1,0,0,6,PUNT
106530,4559,747367,BUF,5,PUNT,2,1,55,68,5,0,0,0,0,3,2,8,2,1,0,10,1,FG
106531,4559,747373,DEN,6,KOFF,2,2,9,25,9,4,0,3,0,0,0,58,8,5,0,0,58,FG
106532,4559,747383,BUF,6,KOFF,2,0,42,25,5,4,0,3,0,0,0,38,4,4,0,0,38,FG
106533,4559,747390,BUF,7,KOFF,3,2,15,22,3,0,0,0,0,13,2,-2,1,0,0,10,1,PUNT
106534,4559,747395,DEN,7,PUNT,3,4,58,41,10,4,2,1,0,26,5,33,4,3,0,10,49,FG
106535,4559,747408,BUF,8,KOFF,3,1,27,31,4,4,0,3,0,7,1,62,3,3,0,0,69,TD
106536,4559,747414,DEN,8,KOFF,3,1,11,25,2,0,0,0,0,-3,1,0,1,0,0,10,-13,INT
106537,4559,747417,BUF,9,INT,3,1,46,68,3,0,0,0,0,2,1,-5,2,0,0,10,-13,PUNT
106538,4559,747422,DEN,9,PUNT,3,2,54,12,7,2,1,0,0,17,4,3,3,1,0,0,20,DWNS
106539,4559,747429,BUF,10,DWNS,3,1,37,69,4,0,0,0,0,-3,3,0,0,0,0,0,-3,FG
106540,4559,747434,DEN,10,KOFF,4,3,8,38,6,3,1,1,0,12,1,31,5,3,5,10,38,INT
106541,4559,747442,BUF,11,INT,4,7,30,38,16,7,2,2,1,26,11,12,4,3,15,0,53,FG
106542,4559,747459,DEN,11,KOFF,4,1,27,22,7,2,0,1,0,1,1,35,6,2,0,0,36,DWNS
106543,4559,747466,BUF,12,DWNS,4,1,47,43,3,0,0,0,0,-4,3,0,0,0,0,0,-4,ENDQ
106544,4560,747470,HOU,1,KOFF,1,1,28,21,3,0,0,0,0,0,1,-2,2,0,0,0,-2,PUNT
106545,4560,747474,NE,1,PUNT,1,2,59,49,7,2,0,2,0,-3,3,49,4,2,5,0,51,TD
106546,4560,747484,HOU,2,KOFF,1,3,11,22,6,1,0,1,1,4,3,19,2,2,34,0,57,FG
106547,4560,747492,NE,2,KOFF,1,1,24,25,3,1,0,0,0,6,1,3,2,1,0,0,9,PUNT
106548,4560,747496,HOU,3,PUNT,1,1,35,18,3,0,0,0,0,8,2,0,1,0,0,0,8,PUNT
106549,4560,747500,NE,3,PUNT,1,1,52,6,3,1,0,0,0,11,2,-9,1,0,0,0,2,PUNT
106550,4560,747504,HOU,4,PUNT,1,0,40,56,2,2,0,2,0,0,0,44,2,2,0,0,44,TD
106551,4560,747508,NE,4,KOFF,1,2,35,25,6,2,0,2,0,3,1,30,5,3,5,0,38,PUNT
106552,4560,747516,HOU,5,PUNT,2,1,19,11,3,2,1,0,0,7,1,7,2,1,0,0,14,INT
106553,4560,747519,NE,5,INT,2,0,32,88,1,1,0,1,0,0,0,7,1,1,5,0,12,TD
106554,4560,747523,HOU,6,KOFF,2,5,24,23,10,4,2,1,0,23,4,32,5,4,15,15,55,FG
106555,4560,747535,NE,6,KOFF,2,0,46,25,2,0,0,1,0,0,0,-3,2,1,0,0,-3,FUM
106556,4560,747539,NE,7,KOFF,2,2,17,25,6,4,1,2,0,11,3,64,3,2,0,0,75,TD
106557,4560,747547,HOU,7,KOFF,2,2,56,16,6,4,0,1,0,9,3,21,3,3,0,5,25,PUNT
106558,4560,747555,NE,8,PUNT,2,1,2,30,4,1,1,0,1,11,2,0,2,0,5,0,16,ENDQ
106559,4560,747560,NE,9,KOFF,3,2,15,19,5,4,0,3,0,0,0,81,5,5,0,0,81,TD
106560,4560,747567,HOU,8,KOFF,3,5,33,30,10,7,2,2,0,23,4,47,6,4,5,5,70,TD
106561,4560,747581,NE,10,KOFF,3,5,30,25,9,4,0,2,1,11,5,21,4,3,5,0,37,PUNT
106562,4560,747592,HOU,9,PUNT,3,4,29,20,12,6,1,2,0,26,7,41,4,2,0,0,67,FG
106563,4560,747605,NE,11,KOFF,4,1,45,25,3,2,0,0,0,9,3,0,0,0,0,0,9,PUNT
106564,4560,747609,HOU,10,PUNT,4,3,9,13,7,4,1,1,0,15,3,13,4,1,0,0,28,PUNT
106565,4560,747617,NE,12,PUNT,4,1,24,7,3,2,0,0,0,0,0,9,3,2,0,0,9,PUNT
106566,4560,747621,HOU,11,PUNT,4,3,31,33,7,4,0,2,0,10,4,49,2,2,0,10,49,FG
106567,4560,747630,NE,13,KOFF,4,2,1,25,9,5,0,4,0,0,0,85,8,5,0,10,75,TD
106568,4560,747641,HOU,12,KOFF,4,0,23,25,2,1,0,1,0,0,0,21,2,1,0,0,21,INT
106569,4561,747644,NYJ,1,KOFF,1,2,12,25,3,0,0,0,0,5,2,-11,1,0,0,0,-6,PUNT
106570,4561,747648,MIA,1,PUNT,1,1,52,33,4,2,0,1,0,6,2,13,2,1,0,0,19,PUNT
106571,4561,747653,NYJ,2,PUNT,1,5,55,10,10,5,1,2,1,13,4,46,5,4,10,5,64,MFG
106572,4561,747666,MIA,2,MFG,1,2,0,35,3,1,0,0,0,-3,2,4,1,1,0,10,-9,PUNT
106573,4561,747672,NYJ,3,PUNT,1,2,4,43,4,1,0,1,0,1,1,12,3,1,0,0,13,PUNT
106574,4561,747677,MIA,3,PUNT,1,2,58,9,6,3,0,0,1,14,4,6,2,1,5,10,15,PUNT
106575,4561,747685,NYJ,4,PUNT,2,5,42,37,9,3,0,2,0,9,3,62,5,4,0,30,41,FG
106576,4561,747698,MIA,4,KOFF,2,1,0,25,3,0,0,0,0,-2,1,0,2,0,0,0,-2,PUNT
106577,4561,747702,NYJ,5,PUNT,2,2,11,24,3,0,0,0,0,0,2,4,1,1,0,0,4,PUNT
106578,4561,747706,MIA,5,PUNT,2,1,44,15,3,0,0,0,0,2,1,-10,2,0,0,0,-8,PUNT
106579,4561,747710,NYJ,6,PUNT,2,0,40,29,3,3,0,1,0,12,2,69,1,1,0,10,71,TD
106580,4561,747715,MIA,6,KOFF,2,1,23,17,5,3,0,1,0,4,1,15,4,3,0,0,19,PUNT
106581,4561,747721,NYJ,7,PUNT,2,0,19,20,1,0,0,0,0,-1,1,0,0,0,0,0,-1,ENDQ
106582,4561,747723,MIA,7,KOFF,3,1,6,25,3,0,0,0,0,-5,1,0,2,0,0,0,-5,PUNT
106583,4561,747727,NYJ,8,PUNT,3,4,6,51,7,6,3,1,0,19,4,30,3,3,0,0,49,TD
106584,4561,747736,MIA,8,KOFF,3,1,15,25,4,1,0,0,0,0,0,3,4,2,0,0,3,INT
106585,4561,747740,NYJ,9,INT,3,6,58,51,13,5,0,2,1,19,7,21,5,3,5,0,45,FG
106586,4561,747755,MIA,9,KOFF,3,3,9,25,11,7,0,3,0,5,1,49,10,6,0,0,54,DWNS
106587,4561,747766,NYJ,10,DWNS,4,2,54,21,4,2,0,0,1,15,3,0,1,1,11,0,26,PUNT
106588,4561,747772,MIA,10,PUNT,4,2,57,10,6,2,0,2,0,0,0,37,6,4,15,0,52,DWNS
106589,4561,747778,NYJ,11,DWNS,4,0,55,38,2,0,1,0,1,6,2,0,0,0,5,0,5,FUM
106590,4561,747780,MIA,11,FUM,4,2,13,45,7,2,0,1,1,0,0,11,7,3,15,0,26,INT
106591,4561,747787,NYJ,12,INT,4,2,12,28,3,1,0,0,0,5,3,0,0,0,0,0,5,PUNT
106592,4561,747791,MIA,12,PUNT,4,2,15,20,8,6,0,4,1,9,2,67,6,5,4,0,80,TD
106593,4562,747802,CAR,1,KOFF,1,8,41,25,15,11,4,1,0,52,10,9,4,3,0,0,61,FG
106594,4562,747818,NO,1,KOFF,1,5,57,25,13,9,2,4,0,25,6,50,7,5,0,0,75,TD
106595,4562,747833,CAR,2,KOFF,1,4,36,25,8,4,2,0,0,44,4,6,3,3,0,5,45,FG
106596,4562,747843,NO,2,KOFF,2,1,43,25,4,1,0,1,0,0,0,23,4,2,0,0,23,PUNT
106597,4562,747848,CAR,3,PUNT,2,1,13,11,4,1,1,0,0,13,2,0,2,0,0,0,13,INT
106598,4562,747852,NO,3,INT,2,2,8,76,4,2,0,2,0,1,1,23,3,3,0,0,24,TD
106599,4562,747858,CAR,4,KOFF,2,0,59,25,3,0,0,0,0,0,1,0,2,0,0,0,0,PUNT
106600,4562,747862,NO,4,PUNT,2,4,43,31,10,5,4,1,0,45,5,9,4,2,0,0,54,FG
106601,4562,747873,NO,5,KOFF,3,3,51,25,8,3,0,3,0,7,3,68,5,4,0,0,75,TD
106602,4562,747883,CAR,5,KOFF,3,4,9,25,8,4,1,1,0,6,1,34,7,4,0,0,40,PUNT
106603,4562,747892,NO,6,PUNT,3,1,31,20,3,1,0,0,0,4,1,3,2,1,0,0,7,PUNT
106604,4562,747896,CAR,6,PUNT,3,4,11,17,7,6,2,3,0,5,2,78,5,4,0,0,83,TD
106605,4562,747905,NO,7,KOFF,3,4,21,25,7,4,1,1,0,22,2,32,4,4,0,10,44,FG
106606,4562,747914,CAR,7,KOFF,4,0,47,25,3,1,0,0,0,0,0,4,3,1,0,0,4,INT
106607,4562,747917,NO,8,INT,4,2,13,56,4,2,0,0,0,7,3,0,0,0,0,0,7,MFG
106608,4562,747921,CAR,8,MFG,4,1,59,46,4,2,0,1,0,0,0,8,4,2,0,0,8,INT
106609,4562,747925,NO,9,INT,4,2,16,65,4,2,2,0,0,30,3,5,1,1,0,0,35,TD
106610,4562,747931,CAR,9,KOFF,4,0,29,32,3,0,0,0,0,0,0,0,3,0,0,0,0,PUNT
106611,4562,747935,NO,10,PUNT,4,2,26,30,3,0,0,0,0,8,3,0,0,0,0,0,8,PUNT
106612,4562,747939,CAR,10,PUNT,4,1,47,21,6,4,1,1,0,12,2,17,4,2,0,0,29,ENDQ
106613,4563,747946,PHI,1,KOFF,1,2,41,35,3,0,0,0,0,1,1,11,2,1,0,5,7,PUNT
106614,4563,747951,NYG,1,PUNT,1,3,0,20,8,3,0,2,1,4,2,20,6,5,15,0,39,PUNT
106615,4563,747960,PHI,2,PUNT,1,2,2,10,3,0,0,0,0,1,1,5,2,1,0,0,6,PUNT
106616,4563,747964,NYG,2,PUNT,1,3,14,37,6,3,0,2,0,0,3,25,3,3,0,0,25,PUNT
106617,4563,747971,PHI,3,PUNT,1,9,34,10,18,11,6,2,0,63,13,27,5,3,0,15,90,TD
106618,4563,747991,NYG,3,KOFF,2,1,33,34,4,2,0,2,0,-1,1,25,3,2,0,0,24,INT
106619,4563,747995,PHI,4,INT,2,5,27,4,11,5,2,1,1,29,5,13,6,3,5,0,47,DWNS
106620,4563,748007,NYG,4,DWNS,2,2,10,49,10,5,0,3,0,4,2,45,8,5,5,5,49,DWNS
106621,4563,748019,PHI,5,DWNS,2,0,19,2,1,0,0,0,0,0,1,0,0,0,0,0,0,ENDQ
106622,4563,748021,NYG,5,KOFF,3,0,50,25,3,0,0,0,0,0,0,2,3,1,0,0,2,PUNT
106623,4563,748025,PHI,6,PUNT,3,4,49,25,8,3,1,1,0,29,4,12,3,3,0,0,41,MFG
106624,4563,748033,NYG,6,MFG,3,0,23,42,2,1,0,0,0,0,0,4,2,1,0,0,4,INT
106625,4563,748035,PHI,7,INT,3,3,43,46,7,2,1,1,1,6,4,12,3,2,41,5,54,TD
106626,4563,748046,NYG,7,KOFF,3,3,58,24,11,6,1,2,0,17,4,41,7,4,5,0,63,DWNS
106627,4563,748058,PHI,8,DWNS,3,1,28,13,3,0,0,0,0,6,2,0,1,0,0,0,6,PUNT
106628,4563,748062,NYG,8,PUNT,4,2,10,45,5,4,0,4,0,0,0,55,5,5,0,15,55,TD
106629,4563,748069,PHI,9,KOFF,4,0,26,29,1,0,0,1,0,0,0,4,1,1,0,0,4,FUM
106630,4563,748070,NYG,9,FUM,4,1,20,67,4,3,1,1,1,22,2,11,2,2,0,0,33,TD
106631,4563,748076,PHI,10,KOFF,4,3,1,17,6,2,0,1,0,6,3,9,3,1,0,0,15,PUNT
106632,4563,748083,NYG,10,PUNT,4,0,40,22,2,1,0,1,0,1,1,77,1,1,0,0,78,TD
106633,4563,748087,PHI,11,KOFF,4,1,32,25,4,3,1,1,1,17,2,22,2,2,36,0,75,TD
106634,4563,748094,NYG,11,KOFF,4,2,32,25,7,3,0,1,1,2,2,37,4,3,28,15,52,FG
106635,4563,748105,PHI,12,KOFF,4,2,17,25,8,5,2,0,0,35,3,27,4,3,0,15,47,FG
106636,4563,748115,NYG,12,KOFF,4,0,38,25,3,1,0,0,0,0,0,24,3,3,0,15,9,PUNT
106637,4563,748121,PHI,13,PUNT,4,0,13,38,3,1,0,1,0,0,0,19,2,1,0,0,19,FG
106638,4564,748125,PIT,1,KOFF,1,1,8,25,3,0,0,0,0,3,1,0,2,0,0,0,3,PUNT
106639,4564,748129,CHI,1,PUNT,1,1,19,26,3,0,0,0,0,-1,1,0,2,1,0,0,-1,PUNT
106640,4564,748133,CHI,2,PUNT,1,3,24,71,6,4,3,0,0,29,6,0,0,0,0,0,29,TD
106641,4564,748141,PIT,2,KOFF,1,2,54,37,6,2,0,2,0,3,2,0,4,2,10,0,13,FUM
106642,4564,748148,CHI,3,FUM,1,3,43,50,6,1,1,0,1,21,5,0,0,0,0,0,21,MFG
106643,4564,748154,PIT,3,MFG,1,1,26,37,3,0,0,0,0,0,0,14,3,1,0,5,9,PUNT
106644,4564,748159,CHI,4,PUNT,1,3,13,18,6,0,0,0,1,3,2,4,4,2,15,10,12,PUNT
106645,4564,748167,PIT,4,PUNT,2,7,11,23,13,11,4,2,0,19,4,63,9,7,0,5,77,TD
106646,4564,748183,CHI,5,KOFF,2,4,59,25,9,7,3,2,0,62,6,19,3,2,0,5,75,TD
106647,4564,748195,PIT,5,KOFF,2,0,43,25,6,3,0,3,1,0,0,62,5,3,0,5,57,BLFG
106648,4564,748202,CHI,6,BLFG,2,0,0,99,1,0,0,0,0,0,0,0,0,0,0,4,-4,FG
106649,4564,748205,CHI,7,KOFF,3,1,25,22,3,0,0,0,0,-4,1,2,2,1,0,0,-2,PUNT
106650,4564,748209,PIT,6,PUNT,3,3,22,27,7,4,0,2,0,4,1,24,6,3,0,0,28,PUNT
106651,4564,748217,CHI,8,PUNT,3,0,48,20,2,1,1,0,0,-1,2,0,0,0,0,0,-1,FUM
106652,4564,748219,PIT,7,FUM,3,2,42,84,6,4,2,0,1,16,4,0,2,0,0,0,16,TD
106653,4564,748228,CHI,9,KOFF,3,6,52,25,10,5,2,1,0,31,6,12,4,3,0,10,33,PUNT
106654,4564,748241,PIT,8,PUNT,4,4,36,10,7,3,0,2,0,5,3,39,4,3,0,0,44,PUNT
106655,4564,748249,CHI,10,PUNT,4,1,18,9,3,0,0,0,0,3,2,0,1,0,0,0,3,INT
106656,4564,748252,PIT,9,INT,4,0,54,79,4,1,0,0,0,7,1,0,2,0,0,0,7,FG
106657,4564,748257,CHI,11,KOFF,4,2,51,25,3,1,0,0,0,-2,1,15,2,2,0,10,3,PUNT
106658,4564,748263,PIT,10,PUNT,4,1,46,38,3,1,0,0,0,13,1,1,2,1,0,10,4,PUNT
106659,4564,748268,CHI,12,PUNT,4,2,34,9,8,3,1,1,0,5,2,32,6,4,0,0,38,PUNT
106660,4564,748277,PIT,11,PUNT,4,5,52,15,3,2,0,1,0,0,0,9,3,2,0,0,9,ENDQ
106661,4564,748281,CHI,13,KOFF,5,2,1,26,4,3,3,0,0,74,4,0,0,0,0,0,74,TD
106662,4565,748286,MIN,1,KOFF,1,4,2,25,7,5,2,2,0,14,5,61,2,2,0,0,75,TD
106663,4565,748295,TB,1,KOFF,1,4,40,25,8,3,0,3,0,3,2,50,5,5,0,0,53,FG
106664,4565,748304,MIN,2,KOFF,1,3,22,15,6,2,0,1,0,1,2,24,4,2,0,10,15,PUNT
106665,4565,748312,TB,2,PUNT,1,1,34,23,4,1,0,1,0,3,1,12,3,1,0,0,15,PUNT
106666,4565,748318,MIN,3,PUNT,1,5,57,24,13,8,1,4,0,12,5,57,8,6,7,0,76,TD
106667,4565,748335,TB,3,KOFF,2,1,50,11,3,2,0,0,0,8,2,-3,1,0,0,0,5,PUNT
106668,4565,748339,MIN,4,PUNT,2,2,58,43,5,1,0,1,0,3,1,9,4,3,0,10,2,PUNT
106669,4565,748346,TB,4,PUNT,2,1,46,14,5,3,0,3,0,0,0,52,5,3,8,0,52,INT
106670,4565,748351,MIN,5,INT,2,3,4,8,6,6,1,3,0,17,3,75,3,3,0,0,92,TD
106671,4565,748359,TB,5,KOFF,2,0,43,25,5,1,0,1,0,0,0,18,5,2,0,0,18,PUNT
106672,4565,748365,MIN,6,PUNT,2,0,4,25,1,0,0,0,0,-1,1,0,0,0,0,0,-1,ENDQ
106673,4565,748367,TB,6,KOFF,3,1,32,11,3,2,0,0,0,8,2,0,1,0,0,0,8,PUNT
106674,4565,748371,MIN,7,PUNT,3,1,3,34,3,2,0,1,0,1,1,65,2,2,0,0,66,TD
106675,4565,748376,TB,7,KOFF,3,3,38,54,6,3,0,3,0,2,1,44,5,4,0,0,46,TD
106676,4565,748385,MIN,8,KOFF,3,6,23,25,13,8,1,3,0,45,6,33,6,4,5,10,73,FG
106677,4565,748400,TB,8,KOFF,3,2,24,25,7,5,0,3,1,2,1,63,6,5,15,5,75,TD
106678,4565,748411,MIN,9,KOFF,4,1,27,25,3,0,0,0,0,0,1,7,2,1,0,0,7,PUNT
106679,4565,748415,TB,9,PUNT,4,1,8,35,3,2,0,1,0,0,0,21,3,2,0,0,21,INT
106680,4565,748418,MIN,10,INT,4,3,45,65,6,1,1,0,0,14,4,2,1,1,0,0,16,FG
106681,4565,748425,TB,10,KOFF,4,2,59,25,8,6,0,4,0,0,0,59,8,6,0,5,54,INT
106682,4565,748434,MIN,11,INT,4,5,41,11,9,5,1,1,0,19,8,36,1,1,0,0,55,ENDQ
106683,4566,748444,TEN,1,KOFF,1,1,24,25,3,0,0,0,0,-1,1,10,2,1,0,0,9,PUNT
106684,4566,748448,SEA,1,PUNT,1,0,59,20,3,0,0,0,0,0,1,8,2,1,0,0,8,PUNT
106685,4566,748452,TEN,2,PUNT,1,1,29,31,3,0,0,0,0,5,2,0,1,0,0,0,5,PUNT
106686,4566,748456,SEA,2,PUNT,1,1,22,12,3,0,0,0,0,3,1,1,2,1,0,0,4,PUNT
106687,4566,748460,TEN,3,PUNT,1,0,26,16,3,0,0,0,0,0,0,0,3,0,0,0,0,PUNT
106688,4566,748464,SEA,3,PUNT,1,2,11,35,6,3,1,1,0,11,2,13,4,1,0,0,24,PUNT
106689,4566,748471,TEN,4,PUNT,1,1,31,20,3,1,0,0,0,3,2,0,1,0,0,0,3,PUNT
106690,4566,748475,SEA,4,PUNT,1,1,55,19,3,2,0,0,0,9,3,0,0,0,0,0,9,PUNT
106691,4566,748479,TEN,5,PUNT,1,5,20,33,11,2,0,1,1,-1,5,46,5,4,36,20,61,FG
106692,4566,748494,SEA,5,KOFF,2,1,2,25,3,0,0,0,0,0,1,0,2,0,0,0,0,PUNT
106693,4566,748498,TEN,6,PUNT,2,6,30,32,12,7,0,2,1,23,6,21,5,4,5,0,49,FG
106694,4566,748512,SEA,6,KOFF,2,2,22,25,3,0,0,0,0,3,1,2,2,1,0,5,0,PUNT
106695,4566,748517,TEN,7,PUNT,2,1,25,32,3,1,0,0,0,1,1,5,2,1,0,0,6,PUNT
106696,4566,748521,SEA,7,PUNT,2,0,49,14,5,3,0,3,0,0,0,86,5,3,0,0,86,TD
106697,4566,748528,TEN,8,KOFF,2,1,15,24,8,6,0,3,0,0,0,47,7,6,0,0,47,FG
106698,4566,748537,SEA,8,KOFF,3,4,51,25,9,6,1,3,0,21,5,54,4,4,0,0,75,TD
106699,4566,748548,TEN,9,KOFF,3,2,35,25,4,3,1,1,0,15,3,55,1,1,5,0,75,TD
106700,4566,748555,SEA,9,KOFF,3,1,4,25,3,0,0,0,0,1,1,0,2,0,0,0,1,PUNT
106701,4566,748559,TEN,10,PUNT,3,2,40,46,5,4,2,1,0,25,4,24,1,1,5,0,54,TD
106702,4566,748567,SEA,10,KOFF,3,2,1,25,5,1,0,1,0,2,2,13,3,1,0,0,15,PUNT
106703,4566,748573,TEN,11,PUNT,3,0,15,25,1,1,1,0,0,75,1,0,0,0,0,0,75,TD
106704,4566,748576,SEA,11,KOFF,3,2,35,25,9,6,0,4,0,-1,1,76,7,6,0,0,75,TD
106705,4566,748586,TEN,12,KOFF,4,3,59,25,8,6,1,2,0,41,4,17,3,2,0,0,58,FG
106706,4566,748595,SEA,12,KOFF,4,2,49,25,9,5,0,4,0,6,1,58,8,5,0,17,47,DWNS
106707,4566,748604,TEN,13,DWNS,4,2,2,28,3,1,0,0,0,3,2,0,1,0,0,5,-2,PUNT
106708,4566,748609,SEA,13,PUNT,4,3,20,28,12,8,2,4,0,14,3,62,9,6,0,0,72,TD
106709,4566,748623,TEN,14,KOFF,4,1,49,53,4,1,0,0,1,6,4,0,0,0,5,0,11,ENDQ
106710,4567,748629,CIN,1,KOFF,1,5,20,21,10,5,1,3,0,25,5,42,5,4,12,0,79,TD
106711,4567,748641,GB,1,KOFF,1,1,54,40,6,4,0,3,1,7,1,20,5,3,33,0,60,TD
106712,4567,748650,CIN,2,KOFF,1,4,5,25,6,2,0,2,0,3,3,25,3,2,0,0,28,PUNT
106713,4567,748657,GB,2,PUNT,1,1,23,40,3,0,0,0,0,0,1,-7,2,1,0,0,-7,PUNT
106714,4567,748661,CIN,3,PUNT,1,4,49,40,9,5,2,2,0,36,6,24,3,3,0,0,60,TD
106715,4567,748672,GB,3,KOFF,2,2,9,25,4,1,0,1,0,0,1,45,3,2,0,0,45,INT
106716,4567,748678,GB,4,KOFF,2,4,20,25,6,2,1,0,0,18,3,-4,3,1,0,5,9,PUNT
106717,4567,748686,CIN,4,PUNT,2,3,20,6,5,3,1,1,0,18,4,11,1,1,0,0,29,PUNT
106718,4567,748692,GB,5,PUNT,2,0,59,17,3,0,0,0,0,0,0,-4,3,1,0,0,-4,PUNT
106719,4567,748696,CIN,5,PUNT,2,1,3,37,3,1,0,0,0,0,0,8,3,2,0,0,8,PUNT
106720,4567,748700,GB,6,PUNT,2,0,38,10,4,1,0,1,0,0,0,3,4,1,0,0,3,PUNT
106721,4567,748706,GB,7,KOFF,3,5,6,25,8,6,1,3,0,11,4,63,4,4,1,0,75,TD
106722,4567,748717,CIN,6,KOFF,3,2,17,25,4,1,0,1,0,-2,1,14,3,1,0,0,12,PUNT
106723,4567,748722,GB,8,PUNT,3,2,14,23,3,0,0,0,0,2,1,-11,2,1,0,0,-9,PUNT
106724,4567,748726,CIN,7,PUNT,3,2,42,53,6,2,0,2,0,3,1,14,4,2,0,0,17,MFG
106725,4567,748732,GB,9,MFG,3,2,58,38,8,4,1,1,0,13,1,34,6,3,5,0,52,FG
106726,4567,748742,CIN,8,KOFF,4,2,6,25,4,1,0,1,0,1,2,18,2,1,0,12,19,PUNT
106727,4567,748747,GB,10,PUNT,4,2,54,21,5,2,0,0,1,9,3,4,2,1,7,0,20,PUNT
106728,4567,748754,CIN,9,PUNT,4,5,57,9,11,6,2,1,1,29,6,28,4,3,6,0,63,FG
106729,4567,748767,GB,11,KOFF,4,3,29,25,12,8,1,5,0,6,1,65,11,9,4,0,75,TD
106730,4567,748782,CIN,10,KOFF,4,5,17,25,1,0,0,0,0,-1,1,0,0,0,0,0,-1,ENDQ
106731,4567,748784,CIN,11,KOFF,5,2,21,25,3,0,0,0,0,-2,1,7,2,2,0,0,5,PUNT
106732,4567,748788,GB,12,PUNT,5,1,16,21,5,1,0,1,0,-2,1,72,3,1,0,0,70,FG
106733,4568,748794,LAC,1,KOFF,1,1,1,6,3,1,1,0,0,10,1,0,2,0,0,0,10,INT
106734,4568,748797,KC,1,INT,1,1,56,57,4,3,1,1,0,12,2,31,2,2,0,0,43,TD
106735,4568,748803,LAC,2,KOFF,1,4,19,23,8,4,3,0,0,41,6,0,2,0,0,0,41,INT
106736,4568,748811,KC,2,INT,1,2,11,66,4,3,1,2,0,14,2,20,2,2,0,0,34,TD
106737,4568,748817,LAC,3,KOFF,1,5,28,11,9,5,1,3,0,13,6,64,3,3,12,0,89,TD
106738,4568,748828,KC,3,KOFF,1,2,56,40,3,0,0,0,0,11,2,-9,1,0,0,10,-8,PUNT
106739,4568,748833,LAC,4,PUNT,2,1,30,14,4,1,0,1,0,2,1,18,3,1,0,0,20,INT
106740,4568,748837,KC,4,INT,2,6,9,47,9,3,1,0,1,27,4,0,4,2,15,5,37,FG
106741,4568,748849,LAC,5,KOFF,2,4,30,25,13,4,0,4,1,21,5,35,7,5,18,10,64,FG
106742,4568,748865,KC,5,KOFF,3,3,51,24,5,2,0,1,0,7,3,20,2,2,0,10,17,PUNT
106743,4568,748872,LAC,6,PUNT,3,4,1,16,8,3,0,2,0,15,4,34,4,2,0,10,44,PUNT
106744,4568,748883,KC,6,PUNT,3,1,35,20,3,0,0,0,0,0,0,12,3,2,0,10,2,PUNT
106745,4568,748888,LAC,7,PUNT,3,1,43,30,3,0,0,0,0,0,0,9,3,2,0,5,4,PUNT
106746,4568,748893,KC,7,PUNT,3,3,54,10,7,4,1,2,0,14,4,11,3,2,0,0,25,DWNS
106747,4568,748900,LAC,8,DWNS,4,1,32,65,3,0,0,0,0,0,2,0,1,0,0,5,0,PUNT
106748,4568,748905,KC,8,PUNT,4,1,56,6,4,1,1,0,0,20,1,11,3,1,0,5,26,PUNT
106749,4568,748912,LAC,9,PUNT,4,1,36,25,5,1,0,1,0,2,1,11,4,1,0,0,13,PUNT
106750,4568,748918,KC,9,PUNT,4,4,42,15,9,3,1,1,0,4,3,26,6,3,0,0,30,PUNT
106751,4568,748928,LAC,10,PUNT,4,2,5,11,5,1,0,0,1,0,0,-5,5,1,26,0,21,PUNT
106752,4568,748936,KC,10,PUNT,4,1,16,20,4,4,2,0,0,80,4,0,0,0,0,0,80,TD
106753,4568,748942,LAC,11,KOFF,4,1,49,25,8,4,0,3,1,0,0,60,8,5,11,0,71,ENDQ
106754,4569,748952,OAK,1,KOFF,1,0,48,25,2,0,0,0,0,3,1,0,1,0,0,0,3,INT
106755,4569,748954,WAS,1,INT,1,4,29,33,8,4,0,3,0,9,5,58,3,3,0,0,67,TD
106756,4569,748964,OAK,2,KOFF,1,2,5,25,3,0,0,0,0,3,1,-9,2,0,0,0,-6,PUNT
106757,4569,748968,WAS,2,PUNT,1,2,3,25,3,1,0,0,0,4,1,7,2,2,0,5,6,PUNT
106758,4569,748973,OAK,3,PUNT,1,1,24,17,3,1,0,0,0,9,2,0,1,0,0,0,9,PUNT
106759,4569,748977,WAS,3,PUNT,1,3,9,20,5,2,0,1,0,-1,2,21,3,2,0,5,15,PUNT
106760,4569,748984,OAK,4,PUNT,1,1,16,22,4,1,0,0,0,5,1,6,3,1,0,10,1,PUNT
106761,4569,748989,WAS,4,PUNT,2,2,47,17,4,2,0,0,0,4,1,4,3,2,0,10,-2,PUNT
106762,4569,748994,OAK,5,PUNT,2,2,1,29,4,2,0,0,1,1,1,17,3,2,5,0,23,INT
106763,4569,748999,WAS,5,INT,2,6,10,28,11,8,1,4,0,26,5,46,6,6,0,0,72,TD
106764,4569,749012,OAK,6,KOFF,2,2,6,25,4,2,1,0,0,4,2,9,2,2,0,0,13,PUNT
106765,4569,749017,WAS,6,PUNT,2,1,28,15,5,2,1,1,0,17,2,28,3,2,0,5,45,PUNT
106766,4569,749024,OAK,7,PUNT,2,0,14,11,1,0,0,0,0,-1,1,0,0,0,0,0,-1,ENDQ
106767,4569,749026,WAS,7,KOFF,3,4,23,25,7,4,0,3,0,2,2,83,5,4,0,10,75,TD
106768,4569,749036,OAK,8,KOFF,3,2,13,25,3,0,0,0,0,5,1,-13,2,0,0,0,-8,PUNT
106769,4569,749040,WAS,8,PUNT,3,1,26,59,4,1,0,0,0,1,1,6,2,1,0,0,7,MFG
106770,4569,749044,OAK,9,MFG,3,2,19,42,3,1,0,0,0,0,1,5,2,2,0,0,5,PUNT
106771,4569,749048,OAK,10,PUNT,3,0,47,82,2,1,0,1,0,-3,1,21,1,1,0,0,18,TD
106772,4569,749052,WAS,9,KOFF,3,3,54,25,7,1,0,1,0,7,3,73,3,2,0,10,70,FG
106773,4569,749061,OAK,11,KOFF,4,1,53,22,3,1,0,0,0,0,0,9,3,2,0,10,-1,PUNT
106774,4569,749066,WAS,10,PUNT,4,0,49,9,2,1,1,0,0,3,2,0,0,0,0,0,3,FUM
106775,4569,749068,OAK,12,FUM,4,0,22,88,4,0,0,0,1,0,0,0,3,0,8,0,8,FG
106776,4569,749074,WAS,11,KOFF,4,5,52,25,9,5,2,1,0,35,7,30,1,1,0,0,65,FG
106777,4569,749084,OAK,13,KOFF,4,2,48,25,8,2,1,1,0,6,1,18,7,4,0,15,9,FUM
106778,4569,749094,WAS,12,FUM,4,1,36,63,3,1,0,0,1,9,3,0,0,0,0,10,9,PUNT
106779,4569,749099,OAK,14,PUNT,4,1,38,6,5,5,0,2,0,0,0,33,5,5,0,0,33,ENDQ
106780,4570,749105,ARI,1,KOFF,1,5,1,18,8,4,0,3,1,-2,3,78,5,5,6,0,82,TD
106781,4570,749116,DAL,1,KOFF,1,1,54,25,3,0,0,0,0,0,2,3,1,1,0,0,3,PUNT
106782,4570,749120,ARI,2,PUNT,1,8,58,20,15,6,1,2,1,9,6,57,8,7,6,10,62,MFG
106783,4570,749137,DAL,2,MFG,2,1,33,26,3,0,0,0,0,-3,1,4,2,1,0,0,1,PUNT
106784,4570,749141,ARI,3,PUNT,2,3,6,44,6,1,0,1,0,8,2,7,4,2,0,0,15,PUNT
106785,4570,749148,DAL,3,PUNT,2,5,4,6,7,2,1,0,1,34,4,-4,3,2,20,5,45,PUNT
106786,4570,749159,ARI,4,PUNT,2,2,3,10,3,0,0,0,0,-1,1,-4,2,1,0,0,-5,PUNT
106787,4570,749163,DAL,4,PUNT,2,1,10,67,3,2,1,1,1,10,2,13,1,1,10,0,33,TD
106788,4570,749170,ARI,5,KOFF,2,1,11,25,2,0,0,0,0,6,1,-6,1,0,5,0,5,ENDQ
106789,4570,749174,DAL,5,KOFF,3,2,45,25,5,1,0,1,0,4,2,22,3,2,0,0,26,PUNT
106790,4570,749180,ARI,6,PUNT,3,1,46,7,3,1,0,0,0,5,1,-6,2,0,0,0,-1,PUNT
106791,4570,749185,DAL,6,PUNT,3,1,58,54,4,4,2,1,0,31,3,15,1,1,0,0,46,TD
106792,4570,749191,ARI,7,KOFF,3,2,46,22,6,3,0,1,0,8,2,8,4,2,0,0,16,PUNT
106793,4570,749198,DAL,7,PUNT,3,1,0,11,3,0,0,0,0,0,1,0,2,0,0,0,0,PUNT
106794,4570,749202,ARI,8,PUNT,3,1,32,46,3,2,0,2,0,0,0,54,3,3,5,0,-46,TD
106795,4570,749208,DAL,8,KOFF,3,2,8,23,4,1,0,1,0,-4,1,27,3,2,0,0,23,PUNT
106796,4570,749213,ARI,9,PUNT,3,1,20,4,3,1,0,0,0,3,1,6,2,1,0,0,9,PUNT
106797,4570,749217,DAL,9,PUNT,4,2,53,50,5,2,0,2,0,9,3,41,2,2,0,0,50,TD
106798,4570,749224,ARI,10,KOFF,4,5,17,25,16,7,1,3,0,13,4,53,11,4,0,10,56,FG
106799,4570,749241,DAL,10,KOFF,4,1,38,25,4,4,2,1,0,22,3,53,1,1,0,0,75,TD
106800,4570,749247,ARI,11,KOFF,4,0,54,25,3,0,0,0,0,0,0,-5,3,0,0,0,-5,PUNT
106801,4570,749251,DAL,11,PUNT,4,1,6,38,3,1,0,0,0,-3,3,0,0,0,0,0,-3,PUNT
106802,4570,749255,ARI,12,PUNT,4,2,21,13,9,3,0,3,1,0,0,41,9,4,44,0,85,DWNS
106803,4570,749267,DAL,12,DWNS,4,0,36,3,1,0,0,0,0,-1,1,0,0,0,0,0,-1,ENDQ
