pid,bc,dir,yds,succ,kne
741569,JW-2550,LG,8,1,0
741570,JW-2550,MD,3,0,0
741572,JW-2550,LT,5,1,0
741577,MG-0650,MD,2,1,0
741580,KH-2850,RT,7,0,0
741583,JW-2550,RG,10,1,0
741585,RB-4670,LG,-1,0,0
741588,MG-0650,MD,0,0,0
741589,KH-2850,RG,9,1,0
741590,TK-0150,MD,4,1,0
741594,KH-2850,RT,9,1,0
741599,KH-2850,MD,2,0,0
741603,MG-0650,LG,3,0,0
741606,CH-3350,LE,13,1,0
741609,JW-2550,LE,4,1,0
741610,JW-2550,MD,0,0,0
741614,TH-1750,RE,4,0,0
741617,CH-3350,RE,4,1,0
741618,MG-0650,RE,4,1,0
741621,CH-3350,RE,0,0,0
741623,MG-0650,LT,16,1,0
741624,MG-0650,LE,9,1,0
741625,MG-0650,LG,4,1,0
741626,MG-0650,RT,2,0,0
741628,MG-0650,LG,2,1,0
741631,KH-2850,RE,3,0,0
741632,KH-2850,RE,10,1,0
741633,TH-1750,LG,1,0,0
741634,DT-0850,RT,4,0,0
741637,DL-1700,MD,4,1,0
741642,KH-2850,RE,7,1,0
741646,AS-1600,MD,7,1,0
741657,TB-2300,NL,-1,0,1
741659,KH-2850,MD,10,1,0
741667,MG-0650,LT,2,0,0
741668,MG-0650,RT,-4,0,0
741675,MG-0650,MD,4,0,0
741678,DL-1700,MD,5,0,0
741681,KH-2850,MD,1,0,0
741688,MG-0650,RG,0,0,0
741689,MG-0650,RG,1,1,0
741693,KH-2850,MD,1,0,0
741699,JW-2550,LT,7,1,0
741700,JW-2550,LG,4,1,0
741701,JW-2550,LT,3,1,0
741702,JW-2550,LE,-6,0,0
741703,TB-2300,RT,1,0,0
741707,KH-2850,MD,13,1,0
741716,MG-0650,MD,0,0,0
741718,AS-1600,RG,2,0,0
741722,RB-4670,MD,2,0,0
741723,RB-4670,LE,14,1,0
741729,KH-2850,RT,7,1,0
741734,KH-2850,RE,4,1,0
741741,KH-2850,LE,58,1,0
741742,CW-1450,RG,21,1,0
741749,KH-2850,RT,2,0,0
741750,KH-2850,RT,2,0,0
741752,KH-2850,MD,3,1,0
741753,AS-1600,NL,-2,0,1
741754,AS-1600,NL,-3,0,1
741755,AS-1600,NL,-1,0,1
741758,DJ-1325,MD,2,0,0
741760,DJ-1325,LE,-2,0,0
741763,AA-0025,LE,5,1,0
741767,AA-0025,RE,0,0,0
741772,DJ-1325,LT,6,1,0
741773,DJ-1325,LT,0,0,0
741778,KR-0375,MD,10,0,0
741779,DJ-1325,RT,1,0,0
741780,DJ-1325,RE,1,0,0
741784,DJ-1325,MD,1,0,0
741788,AA-0025,RT,1,0,0
741791,TR-0370,RE,-1,0,0
741795,AA-0025,LT,3,0,0
741800,DJ-1325,LT,3,0,0
741806,AA-0025,RT,5,0,0
741808,MS-4100,MD,15,1,0
741809,DW-1550,MD,5,1,0
741813,AA-0025,RT,3,1,0
741814,DW-1550,RE,6,1,0
741815,AA-0025,LT,-2,0,0
741823,AA-0025,LE,-4,0,0
741833,DJ-1325,LE,3,0,0
741848,DW-1550,RT,0,0,0
741851,AA-0025,RT,2,0,0
741855,DJ-1325,LE,3,0,0
741857,KW-1250,MD,4,1,0
741859,JB-6950,LE,10,1,0
741868,KW-1250,MD,3,1,0
741872,AA-0025,RT,2,0,0
741876,DJ-1325,LE,5,0,0
741877,DW-1550,LT,3,0,0
741882,KW-1250,LT,1,0,0
741883,KW-1250,LT,1,1,0
741885,KW-1250,MD,1,0,0
741889,GT-0100,RE,6,1,0
741894,AA-0025,RE,4,1,0
741896,AA-0025,LE,1,0,0
741897,AA-0025,RE,-2,0,0
741907,AA-0025,RT,7,1,0
741908,AA-0025,LT,5,1,0
741910,GT-0100,RE,1,0,0
741923,CP-0500,MD,2,1,0
741931,DW-1550,RT,6,1,0
741932,DW-1550,LT,2,1,0
741933,MS-4100,NL,-1,0,1
741935,DF-1875,RE,6,1,0
741939,TC-2050,LE,3,0,0
741941,DF-1875,LT,5,1,0
741943,DF-1875,RT,2,1,0
741944,TC-2050,RT,-1,0,0
741947,JH-5575,LG,1,0,0
741953,DF-1875,RT,4,0,0
741956,JH-5575,RE,11,1,0
741961,TC-1975,RE,15,1,0
741962,JH-5575,LG,2,0,0
741967,TC-2050,LG,5,1,0
741968,TC-2050,RT,0,0,0
741976,DF-1875,RT,1,0,0
741979,TC-2050,RG,1,0,0
741980,DF-1875,LG,3,1,0
741984,TC-2050,LT,7,0,0
741985,MR-2500,LG,13,1,0
741986,DF-1875,LT,5,1,0
741989,JH-5575,RE,3,0,0
741990,TC-1975,LE,46,1,0
741991,JH-5575,LG,4,1,0
741992,JH-5575,RT,2,0,0
741994,TC-1975,LE,5,1,0
741995,JH-5575,RG,6,1,0
741996,JH-5575,RE,4,1,0
741999,MR-2500,NL,-1,0,1
742002,JH-5575,LE,9,1,0
742003,MB-5175,RG,7,1,0
742004,JH-5575,RE,2,0,0
742008,DF-1875,LE,0,0,0
742012,JH-5575,LE,5,1,0
742013,JH-5575,RE,1,0,0
742018,TC-2050,LT,1,0,0
742019,DF-1875,RG,6,1,0
742022,DF-1875,RG,0,0,0
742027,DF-1875,LG,6,0,0
742032,TC-1975,LE,-3,0,0
742033,TC-1975,LE,3,0,0
742034,JH-5575,LT,2,0,0
742061,DF-1875,LE,-1,0,0
742064,TC-2050,RG,0,0,0
742085,MR-2500,NL,-1,0,1
742089,JH-4025,RT,12,1,0
742090,JH-4025,RE,1,0,0
742094,TW-1350,MD,-1,0,0
742096,TW-1350,RT,7,1,0
742098,TW-1350,LT,1,0,0
742100,JA-1025,LT,0,0,0
742107,DW-4300,LG,4,0,0
742111,JM-5275,RT,1,0,0
742113,JM-5275,RE,8,1,0
742114,JM-5275,RT,1,0,0
742115,AD-0100,RG,2,1,0
742117,TW-1350,LE,4,1,0
742124,GB-0350,LE,2,0,0
742126,GB-0350,RG,23,1,0
742127,GB-0350,LG,3,0,0
742128,JH-4025,RG,1,0,0
742131,GB-0350,RG,1,0,0
742132,GB-0350,LG,2,0,0
742135,TW-1350,LT,4,0,0
742138,JH-4025,MD,7,1,0
742143,TW-1350,LT,1,0,0
742144,TW-1350,LG,10,1,0
742146,JA-1025,MD,4,1,0
742147,JA-1025,MD,1,0,0
742152,GB-0350,RE,4,1,0
742154,TW-1350,LG,2,1,0
742158,GB-0350,RG,5,0,0
742161,JA-1025,LE,7,1,0
742164,JA-1025,RG,17,1,0
742166,MC-0150,LE,2,0,0
742169,JH-4025,RG,3,0,0
742172,JH-4025,RE,2,0,0
742175,TW-1350,LE,7,1,0
742176,TW-1350,LG,2,1,0
742177,TW-1350,LE,7,1,0
742179,JA-1025,LG,6,1,0
742180,JA-1025,RG,3,1,0
742181,TW-1350,RT,2,1,0
742182,TW-1350,LT,2,0,0
742183,JA-1025,LG,4,0,0
742184,JA-1025,LG,6,1,0
742185,JA-1025,LE,0,0,0
742186,TW-1350,MD,4,0,0
742188,JA-1025,LG,7,1,0
742189,JA-1025,RG,1,0,0
742192,TW-1350,RE,3,0,0
742200,TW-1350,RE,11,1,0
742201,TW-1350,LT,2,0,0
742202,JA-1025,LE,-3,0,0
742204,JA-1025,LG,4,0,0
742210,JM-5275,MD,1,0,0
742213,TW-1350,RE,4,1,0
742215,TW-1350,LG,8,1,0
742216,JA-1025,LT,-2,0,0
742226,JA-1025,RG,-1,0,0
742227,JA-1025,LT,2,0,0
742228,JA-1025,LT,8,0,0
742230,JM-5275,RT,3,0,0
742231,JM-5275,RG,4,0,0
742234,JA-1025,LG,-2,0,0
742235,JA-1025,LT,7,1,0
742236,JA-1025,RT,2,0,0
742238,JM-5275,RT,-4,0,0
742239,JM-5275,LE,-5,0,0
742242,LF-0650,RG,4,0,0
742243,LF-0650,LT,9,1,0
742251,LM-1150,LT,1,0,0
742255,LF-0650,RG,3,0,0
742256,LF-0650,MD,2,0,0
742259,TE-0350,MD,6,1,0
742262,LM-1150,LT,6,1,0
742263,LM-1150,LE,-1,0,0
742265,LM-1150,MD,-1,0,0
742270,LF-0650,RG,11,1,0
742271,LF-0650,RG,6,1,0
742273,CI-0300,RT,17,1,0
742275,CI-0300,RT,12,1,0
742277,LF-0650,RT,-1,0,0
742278,LF-0650,MD,3,0,0
742283,TE-0350,LG,-2,0,0
742288,LF-0650,LG,-1,0,0
742289,LF-0650,MD,4,1,0
742292,DF-1362,RT,4,1,0
742296,LF-0650,MD,4,1,0
742297,LF-0650,MD,-1,0,0
742301,LM-1150,RT,3,0,0
742304,LF-0650,MD,4,1,0
742306,CI-0300,RG,2,0,0
742307,LF-0650,RG,4,0,0
742308,LF-0650,MD,3,1,0
742309,LF-0650,RG,1,0,0
742310,TB-1720,RG,0,0,0
742311,LF-0650,MD,1,1,0
742323,LM-1150,MD,7,1,0
742326,LM-1150,RT,7,1,0
742327,LM-1150,RT,0,0,0
742329,LM-1150,RT,2,0,0
742331,LM-1150,LT,7,1,0
742333,DW-1725,LE,9,1,0
742334,TE-0350,LG,4,1,0
742345,CI-0300,RT,7,1,0
742348,CI-0300,RT,1,0,0
742349,CI-0300,MD,1,0,0
742351,LF-0650,LG,7,1,0
742352,BB-2425,LE,15,1,0
742354,LF-0650,RE,1,1,0
742358,LM-1150,MD,4,1,0
742360,DW-1725,MD,7,1,0
742361,LM-1150,LT,2,0,0
742364,LM-1150,RT,8,1,0
742366,LM-1150,RT,5,1,0
742368,LM-1150,MD,3,0,0
742370,LF-0650,MD,4,1,0
742371,LF-0650,RT,17,1,0
742372,CI-0300,MD,1,0,0
742373,CI-0300,RG,0,0,0
742375,LF-0650,RE,5,1,0
742380,LM-1150,LT,4,1,0
742385,LF-0650,RG,1,0,0
742386,LF-0650,LG,3,0,0
742400,LF-0650,LG,2,0,0
742401,CI-0300,MD,1,0,0
742402,LF-0650,RG,4,0,0
742405,LM-1150,LG,8,1,0
742409,BB-2425,NL,-1,0,1
742410,BB-2425,NL,-1,0,1
742413,LM-1000,RT,3,0,0
742418,MT-1300,LG,16,1,0
742419,MT-1300,MD,4,1,0
742420,LM-1000,MD,3,0,0
742421,TT-0500,LG,10,1,0
742422,LM-1000,RG,10,1,0
742424,MT-1300,LT,-6,0,0
742428,MF-1300,RT,1,0,0
742433,LM-1000,RT,3,0,0
742439,MF-1300,LG,2,0,0
742442,LM-1000,RT,-1,0,0
742445,MT-1300,RT,6,1,0
742446,LM-1000,RT,1,0,0
742447,LM-1000,RE,23,1,0
742448,MT-1300,LG,0,0,0
742450,MT-1300,RT,14,1,0
742451,LM-1000,MD,2,0,0
742467,LM-1000,LT,20,1,0
742468,LM-1000,RT,-1,0,0
742471,MT-1300,MD,3,0,0
742474,BP-1200,MD,4,0,0
742476,BP-1200,LG,3,0,0
742477,BP-1200,MD,2,0,0
742489,JM-2900,NL,-1,0,1
742491,BP-1200,MD,0,0,0
742494,MF-1300,RT,1,0,0
742498,LM-1000,LG,1,0,0
742500,TT-0500,LG,3,0,0
742502,MF-1300,RT,0,0,0
742506,LM-1000,RT,0,0,0
742508,LM-1000,RG,2,0,0
742510,TT-0500,LE,14,1,0
742514,MF-1300,MD,8,1,0
742519,BP-1200,LG,1,0,0
742524,JM-2900,MD,1,1,0
742528,LM-1000,MD,8,1,0
742530,MT-1300,RG,1,0,0
742531,LM-1000,MD,27,1,0
742532,MT-1300,LG,0,0,0
742534,LM-1000,LG,3,1,0
742535,MT-1300,MD,1,1,0
742539,BP-1200,MD,1,0,0
742540,BP-1200,LG,11,1,0
742542,MF-1300,MD,4,1,0
742545,LM-1000,MD,2,0,0
742546,LM-1000,RG,-1,0,0
742552,LM-1000,RG,5,1,0
742553,LM-1000,LE,-3,0,0
742561,MT-1300,MD,2,0,0
742562,MT-1300,MD,1,0,0
742563,TT-0500,RE,9,1,0
742564,LM-1000,MD,3,1,0
742566,LM-1000,RT,0,0,0
742567,TT-0500,RE,5,0,0
742570,TT-0500,NL,-1,0,1
742571,TT-0500,NL,-1,0,1
742572,TT-0500,NL,-1,0,1
742575,ML-2500,RT,14,1,0
742583,DM-4300,LT,5,1,0
742584,DM-4300,RG,5,1,0
742585,DM-4300,LG,2,0,0
742588,DM-4300,MD,1,0,0
742589,DM-4300,RG,1,0,0
742591,MM-0912,LE,10,1,0
742594,ML-2500,LT,4,1,0
742597,CP-0750,LE,5,1,0
742601,ML-2500,MD,3,0,0
742603,ML-2500,LT,5,1,0
742605,ML-2500,MD,2,0,0
742606,ML-2500,RG,1,1,0
742612,DM-4300,LG,0,0,0
742613,DH-2450,LE,5,0,0
742616,DW-1350,LG,0,0,0
742618,DW-1350,MD,4,1,0
742620,JR-2075,RT,2,0,0
742622,JR-2075,LT,2,0,0
742626,DH-2450,LG,3,0,0
742627,DH-2450,LG,2,0,0
742629,DH-2450,LT,2,0,0
742630,MM-0912,RT,15,1,0
742635,DH-2450,LE,8,1,0
742639,MM-0912,LE,1,0,0
742648,DH-2450,LE,5,1,0
742652,DM-4300,LT,-2,0,0
742656,ML-2500,MD,7,1,0
742659,DM-4300,LT,-1,0,0
742663,ML-2500,LT,2,0,0
742668,JR-2075,RG,2,0,0
742670,DC-0725,LE,3,0,0
742675,DM-4300,LG,6,1,0
742678,DM-4300,MD,21,1,0
742681,DM-4300,RE,-1,0,0
742685,ML-2500,RG,12,1,0
742686,ML-2500,RG,4,1,0
742698,DW-1350,RT,0,0,0
742701,ML-2500,RG,1,0,0
742702,ML-2500,RT,3,0,0
742705,DM-4300,LG,7,1,0
742715,ML-2500,MD,4,1,0
742716,ML-2500,LT,3,1,0
742717,JR-2075,RE,7,1,0
742718,JR-2075,LT,9,1,0
742719,ML-2500,RT,5,1,0
742720,ML-2500,LG,2,0,0
742721,ML-2500,RT,6,1,0
742722,ML-2500,RT,-2,0,0
742733,DC-0725,NL,-1,0,1
742736,CT-1220,LT,-1,0,0
742738,RK-0150,RE,-1,0,0
742749,RK-0150,RT,4,1,0
742753,LB-0500,RE,6,0,0
742756,WS-0650,LE,1,0,0
742757,CW-1425,MD,0,0,0
742759,RK-0150,LE,4,0,0
742760,KC-2350,MD,10,1,0
742763,LB-0500,RE,4,1,0
742764,LB-0500,LG,5,1,0
742765,LB-0500,LE,-2,0,0
742768,LB-0500,MD,4,1,0
742770,LB-0500,RT,6,1,0
742772,LB-0500,RG,2,1,0
742777,RK-0150,LE,6,1,0
742778,RK-0150,LE,2,0,0
742779,KC-2350,RE,4,1,0
742780,RK-0150,LG,-1,0,0
742781,CT-1220,RE,1,0,0
742789,LB-0500,LE,7,1,0
742792,WS-0650,LE,2,0,0
742799,RK-0150,RT,4,1,0
742803,CT-1220,RT,4,1,0
742808,DS-3300,RT,0,0,0
742811,CW-1425,MD,4,0,0
742819,LB-0500,RG,0,0,0
742825,CW-1425,RE,3,0,0
742833,RK-0150,LE,4,1,0
742836,KC-2350,MD,7,1,0
742838,KC-2350,RE,9,1,0
742842,RK-0150,LG,6,1,0
742852,LB-0500,RT,5,0,0
742857,RK-0150,RT,2,0,0
742862,DS-3300,LG,2,0,0
742865,LB-0500,RT,0,0,0
742868,WS-0650,LE,3,1,0
742869,WS-0650,LE,-2,0,0
742878,LB-0500,MD,3,1,0
742879,LB-0500,RG,4,1,0
742880,LB-0500,LT,2,0,0
742893,CW-1425,NL,-1,0,1
742895,DK-0875,RE,1,0,0
742896,IC-0300,RT,-9,0,0
742898,IC-0300,RG,4,0,0
742902,IC-0300,RG,5,1,0
742903,IC-0300,RE,3,1,0
742904,IC-0300,LG,1,0,0
742916,IC-0300,LT,2,0,0
742919,IC-0300,RG,6,1,0
742921,DK-0875,MD,1,1,0
742923,MD-0175,LG,3,1,0
742924,IC-0300,RG,1,0,0
742927,IC-0300,RG,2,1,0
742928,DK-0875,MD,1,1,0
742932,LB-0250,RG,0,0,0
742936,LB-0250,RG,3,0,0
742939,DK-0875,MD,3,0,0
742940,IC-0300,LG,-1,0,0
742944,JC-4075,RG,1,0,0
742948,LB-0250,RG,0,0,0
742951,IC-0300,LE,1,0,0
742960,IC-0300,LG,1,0,0
742961,IC-0300,LG,3,0,0
742970,LB-0250,RG,5,0,0
742974,MD-0175,LG,3,0,0
742983,IC-0300,RG,4,1,0
742985,IC-0300,RG,2,0,0
742987,DK-0875,RE,11,0,0
742991,LB-0250,RT,2,0,0
742994,LB-0250,RG,1,0,0
742995,LB-0250,RG,5,1,0
743004,IC-0300,RG,6,1,0
743006,IC-0300,RE,2,0,0
743011,JC-4075,LG,5,1,0
743013,JC-4075,LG,4,1,0
743015,JC-4075,RG,1,0,0
743022,LB-0250,RG,1,0,0
743028,LB-0250,LG,0,0,0
743034,MD-0175,LE,1,0,0
743043,LB-0250,RT,15,1,0
743044,BR-1100,NL,-4,0,1
743045,BR-1100,NL,-3,0,1
743046,BR-1100,NL,-1,0,1
743048,TG-1950,MD,2,0,0
743056,FG-0200,MD,2,0,0
743057,FG-0200,RG,-2,0,0
743062,FG-0200,LG,4,1,0
743065,FG-0200,RT,8,1,0
743068,MM-0050,MD,-1,0,0
743069,MM-0050,MD,0,0,0
743073,TG-1950,RG,3,0,0
743074,TG-1950,RG,4,0,0
743076,TA-1050,RE,9,1,0
743077,TG-1950,MD,0,0,0
743078,TG-1950,RE,7,1,0
743082,FG-0200,LT,16,1,0
743083,FG-0200,LG,2,0,0
743086,TG-1950,LE,-3,0,0
743088,TA-1050,RE,2,0,0
743092,FG-0200,RT,2,0,0
743093,ST-0700,MD,3,0,0
743099,TG-1950,LT,1,0,0
743100,TG-1950,MD,5,1,0
743104,MM-0050,LG,0,0,0
743109,TG-1950,MD,7,1,0
743120,TG-1950,RE,12,1,0
743122,TG-1950,RE,1,0,0
743127,ST-0700,NL,-1,0,1
743129,FG-0200,MD,6,1,0
743130,FG-0200,LG,3,1,0
743134,FG-0200,MD,1,0,0
743138,TG-1950,RE,3,1,0
743140,TG-1950,RE,5,1,0
743141,JG-1850,RE,2,0,0
743142,TG-1950,MD,-6,0,0
743143,TG-1950,MD,2,0,0
743149,MM-0050,RE,1,0,0
743153,TG-1950,LE,0,0,0
743157,MM-0050,LT,3,0,0
743158,MM-0050,MD,-2,0,0
743161,TG-1950,RG,1,0,0
743162,TG-1950,RE,0,0,0
743165,MB-3862,LE,0,0,0
743168,MM-0050,RE,24,1,0
743169,RT-1950,MD,5,1,0
743171,RT-1950,RT,2,0,0
743172,MM-0050,MD,3,1,0
743176,TG-1950,LE,-4,0,0
743180,MM-0050,LT,-13,0,0
743182,MB-3862,MD,5,1,0
743183,MB-3862,LG,2,0,0
743185,MB-3862,MD,2,0,0
743187,MB-3862,LG,1,0,0
743188,MB-3862,RE,3,0,0
743190,MB-3862,LG,3,1,0
743194,MM-0050,MD,6,0,0
743197,JD-1050,MD,1,0,0
743199,SM-0425,NL,-3,0,1
743200,SM-0425,NL,-2,0,1
743201,SM-0425,NL,-2,0,1
743203,JS-6700,LE,1,0,0
743205,JS-6700,RT,7,1,0
743206,CN-0500,MD,0,0,0
743212,CH-5000,LT,8,1,0
743215,MB-3537,RE,2,0,0
743219,JS-6700,LE,3,0,0
743220,FW-0750,LT,1,0,0
743223,CH-5000,MD,12,1,0
743225,CH-5000,LG,2,0,0
743228,CM-1225,LE,5,0,0
743232,CH-5000,LE,18,1,0
743233,CH-5000,LT,1,0,0
743239,JS-6700,RT,3,0,0
743245,MB-3537,MD,3,0,0
743247,CM-1225,LE,5,1,0
743249,CM-1225,LE,3,0,0
743251,JS-6700,MD,2,1,0
743253,CH-5000,RE,2,0,0
743256,MB-3537,LG,5,1,0
743260,JS-6700,LE,10,1,0
743261,CM-1225,LT,-2,0,0
743264,CM-1225,RE,4,1,0
743271,CH-5000,LT,1,0,0
743274,KJ-1400,MD,0,0,0
743286,JS-6700,MD,1,0,0
743287,CM-1225,LT,5,0,0
743288,CN-0500,RE,5,1,0
743289,CM-1225,LG,4,1,0
743294,CH-5000,MD,1,0,0
743298,JS-6700,MD,2,0,0
743301,JS-6700,MD,3,1,0
743303,CM-1225,RG,3,0,0
743305,CN-0500,LE,1,0,0
743306,JS-6700,MD,3,1,0
743307,JS-6700,LE,0,0,0
743317,MB-3537,RG,1,0,0
743324,CM-1225,MD,6,0,0
743325,CM-1225,LE,-6,0,0
743335,BH-1900,LE,-5,0,0
743337,CH-5000,RE,0,0,0
743338,JS-6700,MD,5,1,0
743339,JS-6700,MD,8,1,0
743340,JS-6700,LT,4,1,0
743341,JS-6700,MD,6,1,0
743342,JS-6700,RE,3,1,0
743343,JS-6700,RG,2,0,0
743344,CM-1225,MD,11,1,0
743345,CM-1225,LG,1,0,0
743346,JS-6700,RT,2,0,0
743347,CM-1225,LE,8,1,0
743348,CN-0500,NL,-1,0,1
743349,CN-0500,NL,-1,0,1
743350,CN-0500,NL,-1,0,1
743353,DB-0500,RE,-3,0,0
743365,EL-0010,LE,2,0,0
743366,EL-0010,MD,6,1,0
743369,TM-3150,MD,3,0,0
743370,TM-3150,LT,3,0,0
743371,AR-1300,RE,5,1,0
743372,TM-3150,RE,2,0,0
743373,TM-3150,RG,3,0,0
743376,JW-3650,MD,3,1,0
743381,EL-0010,LE,-2,0,0
743382,CP-2550,RT,0,0,0
743389,TM-3150,LE,2,0,0
743397,CC-0750,MD,4,1,0
743401,TM-3150,LT,3,0,0
743402,TM-3150,LE,0,0,0
743405,EL-0010,LT,0,0,0
743412,TM-3150,LE,0,0,0
743420,CP-2550,LE,-1,0,0
743421,CP-2550,MD,8,1,0
743422,CP-2550,RT,4,1,0
743424,RW-3850,MD,29,1,0
743429,TM-3150,LT,4,1,0
743432,TM-3150,LT,8,1,0
743435,AR-1300,MD,0,0,0
743438,CC-0750,MD,2,0,0
743440,TM-3150,LT,6,1,0
743443,CC-0750,RE,3,0,0
743445,RW-3850,MD,11,1,0
743447,CC-0750,MD,30,1,0
743449,EL-0010,RE,-3,0,0
743452,CC-0750,LT,0,0,0
743460,AR-1300,LE,13,1,0
743462,TM-3150,LT,6,1,0
743472,CC-0750,LE,0,0,0
743476,TM-3150,MD,6,1,0
743479,TM-3150,RT,3,1,0
743481,JW-3650,LT,6,1,0
743496,TM-3150,LE,2,0,0
743499,TM-3150,RT,3,1,0
743502,TM-3150,LT,0,0,0
743503,TM-3150,LG,1,0,0
743504,AR-1300,MD,6,1,0
743506,TM-3150,RG,-1,0,0
743508,AR-1300,NL,-1,0,1
743509,AR-1300,NL,-1,0,1
743510,AR-1300,NL,-1,0,1
743512,DP-2037,LE,6,1,0
743513,EE-0250,RG,3,1,0
743514,DP-2037,MD,1,1,0
743515,EE-0250,RT,3,0,0
743521,PP-0350,RG,3,0,0
743525,EE-0250,LT,6,1,0
743528,EE-0250,MD,3,0,0
743540,EE-0250,LT,6,1,0
743544,EE-0250,MD,9,1,0
743545,EE-0250,LG,5,1,0
743547,AM-2850,RT,-2,0,0
743549,EE-0250,RE,-7,0,0
743555,PP-0350,RE,3,0,0
743557,PP-0350,LT,3,0,0
743558,PP-0350,MD,3,0,0
743562,AM-2850,LT,4,0,0
743564,EE-0250,RG,5,1,0
743565,EE-0250,RT,3,1,0
743568,OD-0200,MD,12,1,0
743574,EE-0250,LE,10,1,0
743576,EE-0250,RE,9,1,0
743577,EE-0250,LT,6,1,0
743590,DP-2037,MD,17,1,0
743595,EM-0200,NL,-1,0,1
743600,SS-1250,LE,6,1,0
743602,PP-0350,LG,1,0,0
743607,PP-0350,LT,2,0,0
743609,PP-0350,MD,1,0,0
743614,EE-0250,MD,2,0,0
743617,EE-0250,MD,4,0,0
743622,OD-0200,LT,4,1,0
743627,OD-0200,RG,-2,0,0
743631,EE-0250,RT,4,1,0
743634,EE-0250,MD,3,1,0
743644,EE-0250,LT,4,1,0
743645,EE-0250,RE,8,1,0
743648,EE-0250,LT,1,0,0
743649,EE-0250,RT,6,1,0
743650,EE-0250,LE,8,1,0
743651,AM-2850,MD,3,1,0
743652,AM-2850,RT,-4,0,0
743653,EE-0250,MD,3,0,0
743654,EE-0250,RT,0,0,0
743669,AP-0700,RG,9,1,0
743670,AP-0700,RT,1,1,0
743673,AK-0050,MD,3,0,0
743675,MI-0100,LE,2,1,0
743678,JK-2200,MD,2,1,0
743679,AK-0050,MD,1,0,0
743681,MI-0100,RT,4,0,0
743686,DC-3550,MD,1,0,0
743689,DC-3550,RE,-1,0,0
743691,DC-3550,LT,-1,0,0
743695,JM-3450,MD,10,1,0
743696,DC-3550,LG,2,0,0
743701,AP-0700,RT,3,0,0
743702,AK-0050,MD,3,0,0
743705,DC-3550,LE,6,1,0
743706,DC-3550,MD,0,0,0
743713,MI-0100,RT,7,1,0
743717,MI-0100,LT,2,0,0
743720,TG-0900,RE,5,1,0
743721,MI-0100,RG,-1,0,0
743722,MI-0100,MD,3,0,0
743730,AK-0050,MD,2,0,0
743732,AP-0700,RE,1,0,0
743735,DC-3550,MD,5,1,0
743737,DC-3550,LG,10,1,0
743749,DC-3550,LE,7,1,0
743751,DC-3550,LE,0,0,0
743752,DC-3550,RE,10,1,0
743754,LM-1850,MD,3,0,0
743758,AP-0700,MD,2,0,0
743762,JM-3450,LG,-2,0,0
743765,SD-0537,LE,-6,0,0
743770,AK-0050,LG,3,0,0
743773,AP-0700,LG,2,0,0
743779,DC-3550,LG,1,0,0
743781,DC-3550,MD,3,0,0
743782,DC-3550,MD,5,1,0
743783,DC-3550,RE,32,1,0
743784,DC-3550,LT,4,1,0
743785,JM-3450,MD,-3,0,0
743795,AK-0050,RT,5,0,0
743798,AK-0050,MD,1,0,0
743802,DC-3550,LE,4,1,0
743804,DC-3550,MD,3,1,0
743806,DC-3550,MD,0,0,0
743807,LM-1850,LT,3,0,0
743821,DC-3550,RE,2,0,0
743822,DC-3550,RT,1,0,0
743823,DC-3550,RE,33,1,0
743824,SB-1100,NL,-1,0,1
743825,SB-1100,NL,-2,0,1
743827,CA-0750,RG,1,0,0
743830,CA-0750,MD,2,0,0
743835,MG-1150,LG,21,1,0
743836,MG-1150,LT,5,1,0
743841,CA-0750,LG,6,1,0
743843,CA-0750,MD,2,0,0
743844,CA-0750,MD,11,1,0
743848,CA-0750,LG,3,0,0
743850,CA-0750,RT,7,1,0
743851,CA-0750,MD,0,0,0
743855,MG-1150,LG,2,0,0
743856,MG-1150,MD,1,0,0
743858,MG-1150,LT,2,0,0
743861,MG-1150,RG,0,0,0
743862,MG-1150,LT,10,1,0
743863,MG-1150,MD,0,0,0
743867,CA-0750,MD,2,0,0
743871,BO-0150,MD,6,1,0
743872,BO-0150,LT,3,1,0
743874,BO-0150,MD,1,0,0
743875,BO-0150,MD,0,0,0
743878,JC-2300,RT,3,0,0
743881,CA-0750,LT,18,1,0
743882,TS-1450,MD,8,1,0
743883,JC-2300,MD,4,1,0
743885,CA-0750,MD,0,0,0
743886,TS-1450,RE,1,1,0
743889,MG-1150,RT,2,0,0
743893,MG-1150,MD,1,0,0
743894,MG-1150,MD,4,0,0
743897,CA-0750,MD,9,1,0
743898,CA-0750,LT,5,1,0
743899,TS-1450,RT,2,0,0
743901,JC-2300,MD,4,0,0
743903,MG-1150,MD,2,0,0
743904,MG-1150,RE,2,0,0
743906,CA-0750,RG,4,1,0
743909,TS-1450,RT,8,1,0
743911,TS-1450,RT,1,0,0
743920,JC-2300,RG,7,1,0
743921,JC-2300,LE,12,1,0
743926,JC-2300,RE,2,0,0
743928,JC-2300,MD,2,1,0
743929,JC-2300,RE,-2,0,0
743930,CA-0750,LG,1,0,0
743936,MG-1150,LT,-2,0,0
743939,MG-1150,MD,-2,0,0
743940,CA-0750,RG,0,0,0
743941,CA-0750,MD,0,0,0
743946,MG-1150,MD,4,0,0
743951,JC-2300,RE,4,1,0
743952,JC-2300,RE,4,0,0
743957,CA-0750,LG,3,1,0
743966,CA-0750,MD,3,1,0
743967,CA-0750,RT,4,1,0
743972,MG-1150,MD,0,0,0
743973,MG-1150,MD,2,1,0
743979,TS-1450,NL,-1,0,1
743981,LM-1150,RG,4,1,0
743985,JH-4025,RT,5,1,0
743991,LM-1150,LE,0,0,0
743993,LM-1150,RE,2,0,0
743997,JM-5275,LE,2,0,0
744001,DF-1362,LG,9,1,0
744002,DF-1362,MD,5,1,0
744007,JR-3280,LE,12,0,0
744008,DF-1362,LT,5,1,0
744009,DF-1362,RE,9,1,0
744011,DF-1362,LG,2,0,0
744012,DF-1362,LE,1,0,0
744018,GB-0350,LE,-5,0,0
744023,LM-1150,LG,1,0,0
744025,LM-1150,LE,0,0,0
744029,JM-5275,LG,3,0,0
744030,JM-5275,LE,3,0,0
744032,GB-0350,RT,3,0,0
744033,GB-0350,RT,5,1,0
744034,GB-0350,RG,1,0,0
744036,LM-1150,RT,6,1,0
744037,LM-1150,RT,3,1,0
744038,LM-1150,LT,0,0,0
744040,JM-5275,RG,7,1,0
744044,DW-1725,MD,4,1,0
744045,DF-1362,RG,1,0,0
744047,DF-1362,RG,5,1,0
744052,DW-1725,MD,49,1,0
744063,AD-0100,MD,3,0,0
744064,JH-4025,RT,6,1,0
744065,AD-0100,LG,2,1,0
744067,JH-4025,LE,-1,0,0
744070,GB-0350,RG,6,1,0
744075,JH-4025,MD,0,0,0
744076,JH-4025,RG,3,1,0
744077,JH-4025,LG,4,1,0
744082,LM-1150,LG,8,1,0
744083,LM-1150,LT,2,1,0
744084,DW-1725,LE,2,0,0
744087,LM-1150,MD,0,0,0
744091,JM-5275,LG,6,1,0
744094,AE-1037,LE,2,0,0
744099,DF-1362,MD,2,1,0
744100,DF-1362,LT,-2,0,0
744102,JM-5275,LE,7,1,0
744103,JM-5275,RT,4,1,0
744104,JM-5275,MD,-1,0,0
744108,DW-1725,LE,1,0,0
744110,DF-1362,LG,-1,0,0
744113,JM-5275,LE,5,0,0
744120,LM-1150,LT,3,1,0
744123,LM-1150,LT,2,0,0
744124,LM-1150,LT,19,1,0
744126,DF-1362,LT,4,1,0
744129,LM-1150,LG,2,0,0
744130,DW-1725,MD,11,0,0
744140,LM-1150,MD,6,1,0
744141,LM-1150,LT,5,1,0
744142,LM-1150,MD,-2,0,0
744146,KW-1250,RT,2,0,0
744150,JB-5725,RE,6,1,0
744153,FG-0200,LE,-2,0,0
744156,FG-0200,RT,8,1,0
744157,FG-0200,MD,1,0,0
744158,RT-1950,MD,5,1,0
744159,FG-0200,MD,2,0,0
744164,FG-0200,MD,5,1,0
744167,KW-1250,RT,4,1,0
744168,KW-1250,MD,1,0,0
744172,FG-0200,MD,5,1,0
744173,MM-0050,LE,-2,0,0
744175,MM-0050,LT,1,0,0
744176,MM-0050,RG,-4,0,0
744181,KW-1250,MD,5,1,0
744183,KW-1250,RG,-2,0,0
744187,RT-1950,MD,1,0,0
744193,CJ-1700,MD,3,0,0
744196,CJ-1700,RT,8,1,0
744197,CJ-1700,RE,11,1,0
744200,KW-1250,LG,3,0,0
744203,KW-1250,RE,2,0,0
744211,FG-0200,MD,2,0,0
744215,KW-1250,RT,4,1,0
744222,JB-5725,MD,2,0,0
744225,JB-5725,MD,11,1,0
744231,FG-0200,RE,3,0,0
744235,CJ-1700,RE,3,0,0
744239,FG-0200,LT,13,1,0
744240,JB-5725,MD,0,0,0
744242,JB-5725,MD,1,1,0
744243,FG-0200,MD,6,1,0
744244,JB-5725,LE,2,0,0
744247,CJ-1700,MD,2,0,0
744248,CJ-1700,MD,4,0,0
744256,RT-1950,MD,5,1,0
744257,MM-0050,LE,2,0,0
744259,MM-0050,LE,3,0,0
744263,MM-0050,LT,-3,0,0
744265,FG-0200,MD,2,0,0
744268,FG-0200,MD,1,0,0
744273,AE-0750,MD,6,1,0
744274,CJ-1700,MD,3,1,0
744275,CP-0500,MD,4,1,0
744283,FG-0200,MD,-2,0,0
744287,CJ-1700,LE,3,0,0
744289,CJ-1700,MD,5,1,0
744290,CJ-1700,MD,1,0,0
744295,FG-0200,LE,2,0,0
744309,CP-0500,LG,3,0,0
744311,CP-0500,NL,-1,0,1
744315,CJ-1700,LT,1,0,0
744316,KW-1250,MD,3,0,0
744317,AE-0750,MD,5,0,0
744320,JS-6700,RG,-1,0,0
744325,JS-6700,MD,3,0,0
744326,CN-0500,RE,15,1,0
744327,CM-1225,MD,6,1,0
744328,JS-6700,LT,5,1,0
744329,CM-1225,LT,4,1,0
744334,LM-1000,LT,0,0,0
744338,JS-6700,LE,-1,0,0
744342,CN-0500,LE,10,1,0
744343,JS-6700,RG,9,1,0
744344,JS-6700,RE,-2,0,0
744345,CM-1225,LT,2,0,0
744347,LM-1000,RT,2,0,0
744349,TT-0500,MD,4,0,0
744354,JS-6700,LG,1,0,0
744360,TT-0500,RE,12,1,0
744361,MT-1300,MD,3,0,0
744362,MT-1300,LG,1,0,0
744365,JS-6700,LE,10,1,0
744367,CM-1225,RG,-2,0,0
744373,CM-1225,LE,-2,0,0
744374,CN-0500,MD,1,0,0
744380,TT-0500,RE,13,0,0
744387,JS-6700,RT,6,0,0
744389,LM-1000,MD,-2,0,0
744391,TT-0500,RE,11,1,0
744395,TT-0500,RE,4,1,0
744397,LM-1000,LE,-1,0,0
744398,CM-1225,LG,0,0,0
744399,JS-6700,RT,-2,0,0
744403,LM-1000,RG,6,1,0
744404,LM-1000,LT,-2,0,0
744407,JS-6700,RG,5,1,0
744413,LM-1000,LG,2,0,0
744415,LM-1000,RT,6,1,0
744416,LM-1000,MD,0,0,0
744420,CM-1225,LT,3,0,0
744426,LM-1000,LT,-7,0,0
744427,LM-1000,MD,4,0,0
744429,MT-1300,RT,1,0,0
744431,LM-1000,RG,1,0,0
744440,JS-6700,RT,4,1,0
744441,CM-1225,MD,-1,0,0
744444,CN-0500,RE,2,1,0
744445,JS-6700,MD,4,1,0
744448,JS-6700,MD,-2,0,0
744449,JS-6700,RT,1,0,0
744457,TT-0500,LE,2,0,0
744461,TT-0500,RE,4,0,0
744463,TT-0500,RG,5,0,0
744465,CN-0500,NL,-1,0,1
744468,JR-2800,RT,6,1,0
744470,JR-2800,MD,-1,0,0
744472,JR-2800,LT,2,0,0
744477,CS-1950,LT,2,0,0
744482,JH-5575,MD,-3,0,0
744485,TC-1975,MD,2,0,0
744487,JH-5575,MD,3,0,0
744489,JH-5575,MD,-3,0,0
744493,JR-2800,LT,1,0,0
744495,CS-1950,MD,0,0,0
744500,TC-1975,RT,9,1,0
744501,JH-5575,LT,2,1,0
744502,JH-5575,RE,4,1,0
744507,TC-1975,LE,2,0,0
744510,JR-2800,LT,4,0,0
744512,JR-2800,RE,9,1,0
744513,JR-2800,RT,0,0,0
744514,JR-2800,LG,8,1,0
744515,JR-2800,MD,3,0,0
744517,JW-5650,MD,3,0,0
744518,JR-2800,MD,1,1,0
744521,JH-5575,LT,2,0,0
744522,TC-1975,RE,-3,0,0
744524,JH-5575,LT,2,0,0
744525,TC-1975,RE,-1,0,0
744532,JH-5575,MD,2,0,0
744534,JH-5575,MD,-2,0,0
744546,TC-1975,LE,7,1,0
744550,JR-2800,LG,1,0,0
744552,JR-2800,RE,8,1,0
744553,JR-2800,MD,-1,0,0
744556,JR-2800,RT,5,0,0
744558,JR-2800,RE,10,1,0
744559,JR-2800,MD,2,0,0
744563,TC-1975,LE,-3,0,0
744567,PB-0125,MD,2,1,0
744568,PB-0125,MD,5,1,0
744569,PB-0125,LE,1,0,0
744572,PB-0125,RT,3,0,0
744575,PB-0125,MD,14,1,0
744576,PB-0125,RT,8,1,0
744577,PB-0125,MD,1,0,0
744578,JR-2800,RT,2,1,0
744579,JR-2800,RT,6,1,0
744596,JR-2800,MD,1,0,0
744607,PB-0125,MD,3,1,0
744608,PB-0125,MD,2,0,0
744621,PB-0125,LT,8,1,0
744622,RF-0500,NL,-1,0,1
744623,RF-0500,NL,-1,0,1
744625,IC-0300,LE,3,0,0
744626,IC-0300,RG,0,0,0
744630,TW-1350,LT,-1,0,0
744633,TW-1350,LE,2,0,0
744637,IC-0300,RG,9,1,0
744638,IC-0300,RG,2,1,0
744646,JA-1025,LG,3,0,0
744649,TW-1350,LG,2,0,0
744650,TW-1350,LT,4,1,0
744654,IC-0300,LG,2,0,0
744658,DJ-1850,RG,3,0,0
744661,JA-1025,RG,2,0,0
744662,MC-0150,RE,5,1,0
744665,IC-0300,RT,-1,0,0
744666,DK-0875,LT,13,1,0
744668,DJ-1850,LE,0,0,0
744672,TW-1350,LE,12,1,0
744673,JA-1025,RG,-4,0,0
744676,JA-1025,RG,4,1,0
744683,KH-2050,RE,5,1,0
744684,IC-0300,LG,1,0,0
744689,TW-1350,LG,1,0,0
744694,DJ-1850,MD,2,0,0
744709,JA-1025,LG,37,1,0
744714,TW-1350,LG,2,0,0
744716,TW-1350,RG,0,0,0
744717,JA-1025,RG,4,0,0
744721,RH-1950,RE,4,1,0
744725,IC-0300,RG,17,1,0
744726,IC-0300,LG,2,0,0
744735,IC-0300,RG,2,0,0
744740,JA-1025,RT,-2,0,0
744743,AC-2150,LT,16,1,0
744744,AC-2150,LE,4,1,0
744745,AC-2150,RG,1,0,0
744746,JA-1025,RT,14,1,0
744747,JA-1025,LT,1,0,0
744752,DK-0875,RT,3,0,0
744759,DJ-1850,MD,16,1,0
744760,DK-0875,RE,-4,0,0
744762,AC-2150,RG,7,1,0
744763,AC-2150,RG,4,1,0
744765,MW-2450,RG,2,1,0
744766,JA-1025,RG,-2,0,0
744769,AC-2150,RG,13,0,0
744775,AC-2150,RG,1,0,0
744777,JA-1025,RG,-1,0,0
744778,JA-1025,RG,-2,0,0
744779,JA-1025,LG,6,0,0
744780,JA-1025,RG,6,0,0
744783,DK-0875,RG,9,1,0
744789,DK-0875,RE,5,0,0
744795,JF-1900,NL,-1,0,1
744797,LB-0250,MD,3,0,0
744798,LB-0250,RT,4,0,0
744803,DC-3550,MD,7,1,0
744807,JM-3450,LG,0,0,0
744808,JM-3450,LG,9,0,0
744810,LB-0250,RT,0,0,0
744811,LB-0250,LT,1,0,0
744814,LB-0250,RG,4,1,0
744816,MB-4550,LE,7,1,0
744817,LB-0250,MD,3,1,0
744818,JC-4075,RT,9,1,0
744819,LB-0250,RG,2,1,0
744825,DC-3550,LG,-4,0,0
744826,DC-3550,RG,1,0,0
744829,LB-0250,MD,11,1,0
744833,LB-0250,RG,6,1,0
744834,LB-0250,RG,2,0,0
744839,LM-1850,LT,0,0,0
744840,LM-1850,MD,2,1,0
744841,DC-3550,MD,1,0,0
744842,SD-0537,RE,4,0,0
744850,LB-0250,RT,2,0,0
744854,DC-3550,MD,1,0,0
744858,LB-0250,RG,2,0,0
744859,LB-0250,RG,9,1,0
744865,DC-3550,MD,-3,0,0
744879,JM-3450,LG,7,1,0
744881,DC-3550,MD,6,1,0
744885,LB-0250,RT,-2,0,0
744893,DC-3550,MD,10,1,0
744894,LM-1850,MD,4,1,0
744896,DC-3550,RT,25,1,0
744897,CH-0525,MD,1,1,0
744900,LB-0250,LG,4,1,0
744902,LB-0250,LE,1,0,0
744906,LB-0250,RT,3,0,0
744912,DC-3550,MD,8,1,0
744923,LB-0250,MD,7,1,0
744926,LB-0250,MD,0,0,0
744929,LB-0250,LG,0,0,0
744936,DC-3550,LG,6,1,0
744939,DC-3550,MD,6,0,0
744943,LB-0250,MD,4,1,0
744945,LB-0250,LG,9,1,0
744946,LB-0250,LG,3,1,0
744947,LB-0250,MD,5,1,0
744949,LB-0250,MD,0,0,0
744962,LB-0250,MD,2,0,0
744963,TW-1125,MD,1,0,0
744964,LB-0250,MD,2,0,0
744971,BR-1100,NL,-1,0,1
744972,BR-1100,NL,-1,0,1
744975,RB-4670,LE,1,0,0
744980,RB-4670,LE,2,0,0
744981,BC-2325,LE,13,1,0
744986,MI-0100,LE,6,1,0
744989,MI-0100,RE,1,0,0
744990,AP-0700,RT,2,0,0
744996,MG-0650,LG,5,1,0
744997,MG-0650,LG,-1,0,0
745006,PD-0800,LE,7,1,0
745007,MG-0650,RE,7,1,0
745008,MG-0650,LE,3,0,0
745012,MG-0650,LG,3,0,0
745017,AK-0050,RG,3,0,0
745022,AP-0700,RG,5,1,0
745023,AP-0700,RG,6,1,0
745033,MI-0100,LE,1,0,0
745036,MI-0100,RT,2,0,0
745044,JW-2550,RG,7,1,0
745046,DL-1700,RE,0,0,0
745048,MG-0650,LG,2,1,0
745054,AP-0700,LT,-1,0,0
745057,MG-0650,RT,9,1,0
745058,TB-2300,MD,2,1,0
745064,TB-2300,MD,7,0,0
745068,AP-0700,LE,6,1,0
745069,AP-0700,LE,3,0,0
745073,AP-0700,RG,3,0,0
745078,DL-1700,LT,0,0,0
745080,MG-0650,RE,1,0,0
745083,MG-0650,RE,5,1,0
745084,MG-0650,LE,1,0,0
745087,MI-0100,RG,9,1,0
745088,MI-0100,LG,4,1,0
745090,MI-0100,RE,1,0,0
745095,JW-2550,LG,4,1,0
745096,MG-0650,RE,3,0,0
745098,DL-1700,LG,13,1,0
745099,DL-1700,LG,1,0,0
745111,MG-0650,RG,4,1,0
745116,MG-0650,LG,7,1,0
745126,AP-0700,LE,2,1,0
745133,MG-0650,RE,13,1,0
745134,MG-0650,RT,3,1,0
745136,MG-0650,LT,2,1,0
745137,MG-0650,LT,1,0,0
745138,MG-0650,RG,1,0,0
745140,BC-2325,LE,-7,0,0
745148,MI-0100,MD,28,1,0
745150,KH-2850,MD,4,1,0
745155,TH-1750,LG,6,1,0
745160,DS-3300,LT,12,1,0
745163,DS-3300,LE,6,0,0
745169,DS-3300,MD,3,0,0
745173,KH-2850,LT,1,0,0
745178,KH-2850,RT,2,0,0
745181,CW-1425,MD,5,1,0
745183,WS-0650,MD,-2,0,0
745185,DS-3300,MD,2,0,0
745188,DS-3300,LT,-3,0,0
745192,KH-2850,RE,-1,0,0
745194,AW-1650,MD,4,1,0
745197,AS-1600,MD,4,0,0
745201,DS-3300,RE,6,1,0
745208,KH-2850,MD,2,0,0
745217,DS-3300,LE,11,1,0
745225,DS-3300,RE,3,0,0
745231,KH-2850,MD,1,0,0
745239,WS-0650,MD,8,1,0
745240,DS-3300,RE,3,1,0
745244,AS-1600,RE,12,1,0
745246,KH-2850,LE,-1,0,0
745248,KH-2850,MD,53,1,0
745254,CW-1425,LE,13,1,0
745255,DS-3300,MD,5,1,0
745267,CW-1425,RE,13,1,0
745268,WS-0650,MD,-2,0,0
745271,KH-2850,MD,-1,0,0
745273,AS-1600,LE,5,1,0
745282,AS-1600,LE,0,0,0
745284,KH-2850,RE,4,1,0
745285,KH-2850,MD,3,1,0
745286,KH-2850,LE,12,1,0
745287,KH-2850,MD,2,1,0
745295,CW-1425,RE,24,1,0
745307,DM-4300,LE,0,0,0
745308,DM-4300,MD,3,0,0
745311,LF-0650,MD,5,1,0
745312,BB-2425,MD,6,1,0
745313,CI-0300,MD,6,1,0
745316,LF-0650,MD,7,1,0
745317,LF-0650,MD,2,1,0
745318,CI-0300,MD,2,1,0
745320,LF-0650,RE,-1,0,0
745324,DM-4300,LG,4,1,0
745325,DM-4300,MD,4,1,0
745328,DM-4300,RE,4,1,0
745331,DM-4300,MD,7,1,0
745336,LF-0650,RE,4,1,0
745337,CI-0300,LE,0,0,0
745341,DH-2450,MD,3,0,0
745342,MM-0912,RG,7,0,0
745346,LF-0650,MD,4,0,0
745350,DM-4300,LE,0,0,0
745353,LF-0650,MD,7,1,0
745354,LF-0650,LE,2,1,0
745355,CI-0300,MD,2,1,0
745360,TT-0150,LE,17,1,0
745362,CG-1950,LE,13,1,0
745363,LF-0650,MD,3,0,0
745364,CI-0300,MD,3,0,0
745365,CI-0300,MD,4,0,0
745367,BB-2425,LE,6,1,0
745371,LF-0650,LE,0,0,0
745375,DH-2450,MD,2,1,0
745377,MM-0912,RE,7,1,0
745387,LF-0650,MD,4,1,0
745390,DM-4300,MD,0,0,0
745391,TT-0150,LE,-1,0,0
745393,MM-0912,RE,4,1,0
745394,MM-0912,RE,8,1,0
745395,DM-4300,RE,3,0,0
745402,LF-0650,MD,1,0,0
745407,DH-2450,MD,17,1,0
745411,LF-0650,LE,1,0,0
745417,DH-2450,MD,6,1,0
745418,DW-0500,RE,1,1,0
745430,DH-2450,LE,5,1,0
745431,DH-2450,LE,14,1,0
745432,DH-2450,MD,6,1,0
745433,DH-2450,LE,11,1,0
745435,DH-2450,MD,2,1,0
745436,DH-2450,MD,4,1,0
745446,BB-2425,MD,6,1,0
745447,LF-0650,MD,1,1,0
745450,DH-2450,RE,7,1,0
745451,DH-2450,MD,3,1,0
745453,DH-2450,LE,9,1,0
745454,DH-2450,MD,3,1,0
745455,JF-2950,MD,3,1,0
745460,BB-2425,LE,11,1,0
745466,DF-1225,LG,4,1,0
745467,DF-1225,LG,10,1,0
745468,DF-1225,MD,4,1,0
745469,MM-0912,NL,-1,0,1
745470,MM-0912,NL,-1,0,1
745472,MG-1150,MD,0,0,0
745473,MG-1150,MD,6,1,0
745476,JA-0450,MD,6,1,0
745480,JA-0450,LE,0,0,0
745481,JA-0450,RT,20,1,0
745484,JL-0215,MD,-7,0,0
745485,JA-0450,MD,6,0,0
745487,JA-0450,LE,4,0,0
745492,MG-1150,MD,-4,0,0
745498,JA-0450,LE,8,1,0
745499,JA-0450,MD,-2,0,0
745504,MG-1150,MD,-2,0,0
745509,JA-0450,RT,2,0,0
745513,JA-0450,MD,10,1,0
745514,JA-0450,LE,-1,0,0
745515,KD-1462,MD,-3,0,0
745519,BO-0150,LE,2,0,0
745520,BO-0150,LT,26,1,0
745521,MG-1150,MD,-1,0,0
745524,DW-1750,MD,0,0,0
745526,MG-1150,LG,1,1,0
745529,JA-0450,MD,3,0,0
745530,JC-6200,LE,0,0,0
745536,MG-1150,MD,3,0,0
745551,JA-0450,LT,7,1,0
745553,JA-0450,MD,8,1,0
745554,JA-0450,MD,5,1,0
745555,JA-0450,MD,0,0,0
745561,MG-1150,RG,11,1,0
745569,JA-0450,RT,3,0,0
745571,JA-0450,RE,-1,0,0
745574,JA-0450,RE,9,1,0
745575,JA-0450,MD,3,1,0
745578,JA-0450,MD,1,0,0
745586,BO-0150,MD,3,0,0
745591,JA-0450,MD,7,1,0
745592,JA-0450,RE,5,1,0
745595,JA-0450,MD,4,0,0
745598,JA-0450,MD,-2,0,0
745601,JA-0450,MD,3,0,0
745606,MG-1150,MD,-1,0,0
745613,JA-0450,RT,10,1,0
745614,JA-0450,RT,2,0,0
745615,JA-0450,RE,2,0,0
745624,PR-0300,MD,0,0,0
745626,JC-6200,NL,-1,0,1
745628,ML-2500,LT,-1,0,0
745630,CP-0750,MD,6,0,0
745632,BP-1200,MD,-2,0,0
745633,MF-1300,MD,3,0,0
745634,JM-2900,LE,1,0,0
745636,ML-2500,RT,4,1,0
745638,CP-0750,RE,8,1,0
745641,ML-2500,LG,4,0,0
745643,ML-2500,LG,13,1,0
745652,MF-1300,MD,1,0,0
745657,JR-2075,LE,0,0,0
745661,ML-2500,MD,0,0,0
745662,ML-2500,LT,4,0,0
745666,EM-0950,RE,6,1,0
745670,EM-0950,MD,3,0,0
745671,BP-1200,LT,5,1,0
745676,ML-2500,MD,8,1,0
745680,MF-1300,MD,6,1,0
745685,BP-1200,LE,-1,0,0
745686,MF-1300,MD,16,1,0
745687,MF-1300,MD,7,1,0
745688,MF-1300,LT,2,1,0
745692,ML-2500,RT,2,0,0
745696,ML-2500,RT,0,0,0
745697,ML-2500,LE,2,0,0
745698,ML-2500,MD,2,1,0
745701,JM-2900,NL,-1,0,1
745703,BP-1200,RT,5,1,0
745704,BP-1200,LG,4,1,0
745705,BP-1200,MD,2,1,0
745706,JM-2900,LE,9,1,0
745707,EM-0950,LE,7,1,0
745708,EM-0950,MD,0,0,0
745711,JM-2900,MD,22,1,0
745718,DW-1350,RG,6,1,0
745719,DW-1350,LT,10,1,0
745720,DW-1350,LG,0,0,0
745724,CP-0750,MD,43,1,0
745731,EM-0950,RT,2,0,0
745737,ML-2500,RG,7,1,0
745738,JR-2075,RE,52,1,0
745746,MF-1300,MD,8,1,0
745749,MF-1300,MD,5,1,0
745750,MF-1300,MD,5,1,0
745758,DW-1350,LT,5,1,0
745760,DW-1350,RG,-1,0,0
745761,DW-1350,MD,0,0,0
745763,JR-2075,RG,1,0,0
745764,JR-2075,LG,5,1,0
745766,JR-2075,LT,-1,0,0
745767,JR-2075,RT,1,0,0
745772,EM-0950,MD,11,1,0
745775,EE-0250,LG,0,0,0
745779,CA-0750,MD,2,0,0
745784,CA-0750,LT,2,1,0
745790,EE-0250,MD,3,1,0
745794,CA-0750,RG,6,1,0
745797,CA-0750,RG,3,1,0
745799,CA-0750,RT,28,1,0
745800,TS-1450,RE,4,1,0
745801,JC-2300,RE,4,1,0
745804,EE-0250,MD,2,0,0
745809,DP-2037,RE,7,0,0
745811,CA-0750,MD,4,1,0
745812,CA-0750,RG,1,0,0
745814,EE-0250,MD,0,0,0
745819,CA-0750,LT,5,1,0
745821,CA-0750,MD,3,1,0
745823,JC-2300,RT,4,1,0
745824,TS-1450,RE,4,1,0
745827,CA-0750,RE,1,0,0
745830,CA-0750,RG,1,0,0
745841,JC-2300,RT,14,1,0
745843,JC-2300,LT,3,1,0
745844,CA-0750,LT,2,0,0
745846,TS-1450,RE,6,1,0
745859,TS-1450,NL,-1,0,1
745861,CA-0750,LT,4,1,0
745863,CA-0750,RG,9,1,0
745864,CA-0750,LG,-3,0,0
745867,JC-2300,RG,5,1,0
745872,JC-2300,MD,9,0,0
745875,JC-2300,MD,5,1,0
745876,CA-0750,MD,1,0,0
745880,EE-0250,LT,-5,0,0
745886,CA-0750,LT,23,1,0
745892,DP-2037,MD,6,1,0
745893,EE-0250,MD,0,0,0
745896,EE-0250,LE,2,0,0
745902,EE-0250,LG,1,0,0
745904,EE-0250,MD,5,1,0
745910,CA-0750,RT,0,0,0
745912,TS-1450,MD,1,0,0
745918,CA-0750,MD,8,1,0
745919,CA-0750,MD,6,1,0
745920,CA-0750,MD,1,0,0
745923,JC-2300,MD,4,0,0
745925,CA-0750,MD,6,0,0
745926,CA-0750,LG,0,0,0
745935,DP-2037,LE,11,0,0
745937,CA-0750,LG,-1,0,0
745938,CA-0750,LG,6,1,0
745939,JC-2300,RG,-2,0,0
745954,RS-2125,RT,8,1,0
745955,RS-2125,RT,0,0,0
745957,RW-3850,LE,1,0,0
745958,TR-0112,RG,1,0,0
745961,RW-3850,MD,0,0,0
745967,RW-3850,LE,9,1,0
745968,CC-0750,LT,3,0,0
745970,TR-0112,LT,0,0,0
745975,CH-5000,RT,4,1,0
745978,CH-5000,RG,0,0,0
745980,CC-0750,RT,2,0,0
745986,TR-0112,LT,7,0,0
745988,TR-0112,LG,0,0,0
745991,TR-0112,RE,-4,0,0
745996,CH-5000,MD,6,1,0
746001,CC-0750,RG,1,0,0
746002,CC-0750,RG,3,0,0
746004,CC-0750,RG,7,1,0
746006,CC-0750,RE,0,0,0
746016,CC-0750,RT,8,1,0
746018,CC-0750,RT,-1,0,0
746022,CH-5000,LE,6,1,0
746023,CH-5000,LT,61,1,0
746024,MB-3537,MD,1,0,0
746029,RW-3850,LE,3,0,0
746034,CH-5000,MD,-2,0,0
746035,CH-5000,LT,27,1,0
746041,RW-3850,NL,-1,0,1
746044,CH-5000,LT,3,0,0
746047,CH-5000,LT,3,0,0
746048,CH-5000,LE,1,0,0
746051,CC-0750,MD,4,1,0
746052,CC-0750,RG,4,1,0
746053,CC-0750,RT,5,1,0
746064,CH-5000,MD,1,0,0
746069,CC-0750,LT,-1,0,0
746073,CH-5000,LG,4,1,0
746076,MB-3537,MD,10,0,0
746078,CC-0750,LT,0,0,0
746084,CH-5000,RT,6,1,0
746086,MB-3537,RT,11,1,0
746087,MB-3537,MD,13,1,0
746088,CH-5000,MD,4,1,0
746094,RW-3850,RE,4,1,0
746095,RW-3850,RE,7,1,0
746097,CC-0750,LT,14,1,0
746098,RW-3850,RE,5,1,0
746100,RW-3850,LE,11,1,0
746102,CC-0750,RG,3,0,0
746107,CH-5000,RE,0,0,0
746111,CC-0750,LE,9,1,0
746112,CC-0750,MD,2,1,0
746113,CC-0750,LT,12,1,0
746114,CC-0750,RT,2,0,0
746115,CC-0750,RE,16,1,0
746116,RW-3850,NL,-2,0,1
746117,RW-3850,NL,-2,0,1
746118,RW-3850,NL,-1,0,1
746121,TG-1950,RE,3,1,0
746127,RK-0150,MD,5,1,0
746128,RK-0150,MD,4,1,0
746130,RK-0150,LT,2,0,0
746132,RK-0150,MD,5,1,0
746134,RK-0150,LG,4,1,0
746137,RK-0150,LG,2,0,0
746142,TG-1950,MD,6,1,0
746146,RK-0150,LE,19,1,0
746147,RK-0150,LG,21,1,0
746148,SP-0825,RG,3,0,0
746149,CT-1220,RE,9,1,0
746151,RK-0150,MD,1,0,0
746152,CT-1220,LE,7,1,0
746155,TG-1950,RT,2,0,0
746156,SP-0825,LE,4,1,0
746157,SP-0825,RT,3,0,0
746159,RK-0150,RG,4,1,0
746166,TG-1950,LG,0,0,0
746168,TG-1950,MD,1,1,0
746171,RK-0150,LG,9,1,0
746172,RK-0150,LT,2,1,0
746173,SP-0825,LT,2,0,0
746179,TG-1950,LT,6,1,0
746183,JG-1850,RE,1,0,0
746184,JG-1850,LE,1,0,0
746188,SP-0825,MD,0,0,0
746191,CT-1220,MD,61,1,0
746195,TG-1950,MD,6,0,0
746202,JG-1850,NL,-1,0,1
746204,SP-0825,RG,-1,0,0
746206,KC-2350,MD,0,0,0
746211,TG-1950,MD,5,1,0
746212,TA-1050,LE,0,0,0
746215,TG-1950,LE,18,1,0
746221,KC-2350,MD,0,0,0
746223,SP-0825,MD,1,0,0
746224,SP-0825,MD,11,1,0
746225,SP-0825,MD,3,0,0
746233,SP-0825,MD,-1,0,0
746235,SP-0825,RG,-1,0,0
746236,KC-2350,RE,7,1,0
746239,TG-1950,RG,7,1,0
746241,TA-1050,RG,3,0,0
746242,TG-1950,RG,6,1,0
746243,TG-1950,MD,5,1,0
746244,TG-1950,RT,11,1,0
746245,TG-1950,MD,4,1,0
746248,TG-1950,MD,5,0,0
746250,TG-1950,RG,3,0,0
746256,SP-0825,LG,2,0,0
746258,SP-0825,MD,12,1,0
746260,SP-0825,MD,5,1,0
746261,SP-0825,MD,10,1,0
746262,SP-0825,LT,3,0,0
746264,SP-0825,MD,1,0,0
746265,SP-0825,RT,5,0,0
746270,SP-0825,LG,1,0,0
746271,SP-0825,MD,4,0,0
746272,SP-0825,MD,0,0,0
746274,DF-1875,LG,3,0,0
746276,DF-1875,LT,8,1,0
746278,DF-1875,RG,6,1,0
746280,TG-0025,LE,7,1,0
746281,TC-2050,LG,2,1,0
746282,DF-1875,RE,1,1,0
746286,TM-3150,RT,5,0,0
746287,RC-1500,RE,10,1,0
746289,TM-3150,RG,1,0,0
746292,TM-3150,RG,2,0,0
746294,TM-3150,RT,7,1,0
746297,TM-3150,LE,1,1,0
746306,JW-3650,LG,2,0,0
746313,TC-2050,RE,-2,0,0
746315,DF-1875,RG,5,1,0
746318,DF-1875,RG,2,1,0
746322,TM-3150,RE,-2,0,0
746329,TC-2050,RT,35,1,0
746330,TC-2050,LG,1,0,0
746344,DF-1875,LG,1,0,0
746352,MR-2500,RE,8,1,0
746359,AR-1300,NL,-1,0,1
746361,TM-3150,RG,5,1,0
746370,JW-3650,RG,4,1,0
746378,DF-1875,LE,17,1,0
746379,DF-1875,RG,8,1,0
746380,DF-1875,RE,1,0,0
746381,TC-2050,RT,6,1,0
746389,TM-3150,RT,7,1,0
746397,AR-1300,LE,9,1,0
746398,TM-3150,LG,2,1,0
746406,DF-1875,LT,9,1,0
746407,DF-1875,RG,9,1,0
746408,DF-1875,RG,3,1,0
746409,DF-1875,RG,1,0,0
746413,TM-3150,LG,7,1,0
746422,DF-1875,RT,2,0,0
746425,DF-1875,RT,8,1,0
746428,DF-1875,RE,-1,0,0
746430,DF-1875,LE,2,0,0
746431,DF-1875,RE,-1,0,0
746432,TC-2050,RE,0,0,0
746442,AA-0025,LT,4,1,0
746444,AA-0025,LG,1,0,0
746445,AA-0025,LG,0,0,0
746448,PP-0350,RT,0,0,0
746450,SV-0200,LG,4,0,0
746453,AA-0025,RE,8,1,0
746455,AA-0025,LE,4,1,0
746458,MS-4100,MD,13,1,0
746459,AA-0025,LE,-2,0,0
746464,SS-1250,RE,12,1,0
746468,PP-0350,LG,-1,0,0
746477,TR-0370,MD,2,0,0
746481,AA-0025,LT,7,1,0
746483,DW-1550,RT,4,1,0
746484,DW-1550,MD,0,0,0
746488,OD-0200,LE,11,1,0
746495,AA-0025,LE,-1,0,0
746499,PP-0350,LG,4,1,0
746503,DW-1550,LE,5,1,0
746504,AA-0025,LE,24,1,0
746511,SV-0200,LG,8,1,0
746513,OD-0200,LG,4,1,0
746517,AA-0025,LE,-2,0,0
746518,AA-0025,RT,-2,0,0
746521,SS-1250,RE,-5,0,0
746524,PP-0350,RT,3,0,0
746529,SV-0200,LT,2,0,0
746534,MS-4100,MD,5,1,0
746535,AA-0025,LT,2,0,0
746537,TR-0370,RE,8,1,0
746538,MS-4100,MD,5,1,0
746541,AA-0025,MD,2,0,0
746547,OD-0200,RE,2,0,0
746555,PP-0350,LG,4,0,0
746557,PP-0350,MD,1,0,0
746558,PP-0350,RG,-1,0,0
746561,AA-0025,RT,1,0,0
746562,AA-0025,RE,3,0,0
746565,SV-0200,LG,5,1,0
746570,SV-0200,MD,2,0,0
746577,AA-0025,LG,3,1,0
746578,AA-0025,RE,34,1,0
746579,TR-0370,LT,2,0,0
746580,TR-0370,LG,-3,0,0
746581,TR-0370,RE,11,1,0
746582,TR-0370,LT,0,0,0
746583,TR-0370,RG,-1,0,0
746584,TR-0370,RE,1,0,0
746585,TR-0370,RT,0,0,0
746586,SV-0200,MD,7,1,0
746589,TG-1950,MD,3,1,0
746592,CH-5000,MD,2,0,0
746593,CH-5000,LT,20,1,0
746594,CH-5000,RG,3,0,0
746595,MB-3537,LT,-3,0,0
746599,MB-3537,LG,2,0,0
746601,RM-5050,LT,7,1,0
746602,RM-5050,MD,2,1,0
746603,CH-5000,RT,4,1,0
746606,BH-1900,RE,9,1,0
746610,TG-1950,MD,3,0,0
746612,TG-1950,MD,4,1,0
746615,TG-1950,RT,5,1,0
746621,MB-3537,RG,10,1,0
746623,RM-5050,RT,2,0,0
746624,RM-5050,MD,0,0,0
746625,TG-1950,LG,10,1,0
746626,TG-1950,MD,5,1,0
746629,TG-1950,LE,-2,0,0
746634,CH-5000,LE,2,0,0
746637,CH-5000,LT,1,0,0
746642,CH-5000,RT,7,1,0
746645,CH-5000,RG,2,0,0
746653,CH-5000,LE,3,0,0
746658,CH-5000,RT,2,1,0
746659,CH-5000,MD,-1,0,0
746663,TG-1950,RG,4,1,0
746666,TG-1950,MD,4,1,0
746668,TG-1950,LT,7,1,0
746672,TG-1950,LE,2,1,0
746679,TG-1950,LE,0,0,0
746681,TG-1950,LT,5,1,0
746683,TG-1950,MD,1,0,0
746688,TG-1950,RG,1,0,0
746689,TG-1950,RG,0,0,0
746693,CH-5000,MD,7,1,0
746694,CH-5000,LT,11,1,0
746696,CH-5000,RE,0,0,0
746698,CH-5000,MD,5,1,0
746699,CH-5000,MD,0,0,0
746700,CH-5000,LG,0,0,0
746701,CH-5000,MD,1,1,0
746704,TG-1950,MD,5,1,0
746708,TG-1950,MD,1,1,0
746712,TA-1050,RE,8,1,0
746713,TG-1950,RG,0,0,0
746714,TG-1950,MD,0,0,0
746719,CH-5000,LT,5,1,0
746720,CH-5000,RE,3,0,0
746726,TG-1950,LE,29,1,0
746727,TG-1950,RE,3,1,0
746729,TG-1950,RT,2,0,0
746731,TA-1050,LE,5,1,0
746732,TA-1050,RT,1,0,0
746741,TG-1950,MD,2,0,0
746742,TG-1950,RG,-1,0,0
746746,CH-5000,MD,2,0,0
746752,CH-5000,RG,2,0,0
746755,CH-5000,RT,2,1,0
746757,CH-5000,LG,0,0,0
746758,CH-5000,RG,1,1,0
746766,TG-1950,LG,-1,0,0
746767,TG-1950,MD,1,0,0
746768,TG-1950,LE,20,1,0
746769,JG-1850,NL,-1,0,1
746771,MW-0500,LE,4,1,0
746775,LF-0650,RG,2,0,0
746778,LF-0650,RE,10,1,0
746782,CI-0300,RG,-2,0,0
746783,BB-2425,MD,9,0,0
746786,TW-1350,RG,5,1,0
746787,AC-2150,LE,3,1,0
746792,LF-0650,RG,5,1,0
746794,LF-0650,RT,15,1,0
746800,AC-2150,LG,-1,0,0
746804,LF-0650,LG,4,1,0
746806,BB-2425,RE,2,0,0
746807,LF-0650,LT,1,0,0
746808,LF-0650,RE,6,1,0
746810,CI-0300,RE,3,0,0
746816,TW-1350,LG,4,1,0
746820,CG-1950,LG,2,0,0
746821,LF-0650,MD,3,0,0
746825,LF-0650,RT,3,0,0
746828,LF-0650,LG,3,0,0
746829,BB-2425,LE,7,1,0
746835,JA-1025,LG,2,0,0
746839,JA-1025,RG,2,0,0
746842,LF-0650,RT,2,0,0
746845,CI-0300,RT,2,0,0
746849,LF-0650,LG,1,0,0
746858,CH-2400,NL,-1,0,1
746861,CG-1950,RG,2,0,0
746864,LF-0650,RG,0,0,0
746869,TW-1350,LG,10,1,0
746870,TW-1350,MD,1,0,0
746872,LF-0650,LG,2,0,0
746879,TW-1350,RG,7,1,0
746880,TW-1350,RG,0,0,0
746881,LF-0650,RG,-2,0,0
746886,AC-2150,RE,16,1,0
746889,JA-1025,RG,4,0,0
746893,CI-0300,LT,9,1,0
746894,CI-0300,LT,2,1,0
746895,LF-0650,RG,1,0,0
746898,CG-1950,RE,58,1,0
746899,LF-0650,LT,3,1,0
746903,AC-2150,LE,10,1,0
746904,JA-1025,RG,4,1,0
746905,JA-1025,RG,2,1,0
746907,AC-2150,MD,6,0,0
746909,JA-1025,LG,2,0,0
746911,AC-2150,RG,2,0,0
746915,CI-0300,RG,3,1,0
746919,AC-2150,RT,9,1,0
746920,AC-2150,RG,18,1,0
746922,JA-1025,LG,0,0,0
746925,AC-2150,LE,19,1,0
746926,MC-0150,RE,7,1,0
746927,JA-1025,LT,-1,0,0
746931,CG-1950,RT,0,0,0
746932,CG-1950,RG,8,1,0
746934,CG-1950,RG,5,1,0
746935,CH-2400,NL,-1,0,1
746936,CH-2400,NL,-1,0,1
746939,DF-1875,LT,1,0,0
746944,DF-1875,RE,2,0,0
746949,DF-1875,MD,-2,0,0
746954,AA-0025,LE,-1,0,0
746956,AA-0025,LT,3,0,0
746962,TC-2050,RE,1,0,0
746967,TC-2050,RE,14,1,0
746969,DF-1875,LE,12,1,0
746976,AA-0025,LT,3,0,0
746978,AA-0025,LT,4,1,0
746983,DF-1875,RE,9,1,0
746984,DF-1875,LE,4,1,0
746989,DF-1875,LE,2,0,0
746990,DF-1875,MD,9,1,0
746991,DF-1875,MD,3,1,0
746992,DF-1875,MD,1,1,0
746996,AA-0025,RE,3,0,0
746997,AA-0025,RT,10,1,0
747000,ZZ-0100,LT,0,0,0
747008,TC-2050,MD,9,1,0
747011,DF-1875,LT,3,0,0
747021,MR-2500,NL,-1,0,1
747024,AA-0025,MD,-1,0,0
747029,DF-1875,LT,2,0,0
747033,AA-0025,RE,3,0,0
747035,AA-0025,MD,0,0,0
747038,AA-0025,MD,5,0,0
747039,MS-4100,LE,8,0,0
747041,AA-0025,RE,5,1,0
747043,ZZ-0100,MD,3,0,0
747048,TC-2050,LT,2,0,0
747058,DF-1875,LE,8,1,0
747059,DF-1875,LT,11,1,0
747060,DF-1875,RT,16,1,0
747064,AA-0025,MD,6,1,0
747067,AA-0025,LE,11,1,0
747068,ZZ-0100,RT,2,0,0
747074,TC-2050,LE,11,1,0
747076,TC-2050,LT,9,1,0
747077,DF-1875,MD,18,1,0
747078,DF-1875,RT,0,0,0
747081,AA-0025,MD,-4,0,0
747084,DF-1875,RE,2,0,0
747086,DF-1875,MD,2,0,0
747087,DF-1875,LE,2,0,0
747094,DF-1875,MD,1,0,0
747102,MS-4100,LE,11,1,0
747115,IC-0300,MD,10,1,0
747116,IC-0300,LE,1,0,0
747117,IC-0300,RE,-1,0,0
747121,FG-0200,RT,-3,0,0
747126,IC-0300,LE,6,1,0
747129,DK-0875,MD,7,1,0
747135,JB-5725,MD,8,0,0
747141,FG-0200,MD,7,1,0
747142,FG-0200,LT,2,1,0
747143,RT-1950,MD,2,1,0
747145,FG-0200,RG,3,0,0
747150,JB-5725,RE,5,1,0
747153,IC-0300,RT,4,1,0
747154,IC-0300,MD,6,1,0
747156,IC-0300,LE,8,1,0
747157,DJ-1850,LE,19,1,0
747160,FG-0200,RG,21,1,0
747161,FG-0200,LT,-1,0,0
747164,FG-0200,RE,0,0,0
747166,JB-5725,LE,7,1,0
747170,IC-0300,MD,1,0,0
747172,DJ-1850,MD,4,1,0
747173,DK-0875,RE,3,0,0
747176,RT-1950,LT,-2,0,0
747178,FG-0200,MD,4,1,0
747184,IC-0300,RE,1,0,0
747188,FG-0200,MD,0,0,0
747190,FG-0200,MD,7,1,0
747191,FG-0200,MD,4,1,0
747201,IC-0300,RE,4,1,0
747208,JB-5725,NL,-1,0,1
747210,FG-0200,RT,0,0,0
747213,RT-1950,RT,5,0,0
747215,IC-0300,RT,1,0,0
747217,DK-0875,MD,0,0,0
747223,FG-0200,MD,0,0,0
747226,FG-0200,RT,-3,0,0
747230,IC-0300,MD,3,0,0
747233,DK-0875,MD,8,0,0
747236,MJ-2275,MD,3,0,0
747238,JB-5725,MD,-5,0,0
747244,FG-0200,MD,2,1,0
747247,FG-0200,RT,4,1,0
747248,FG-0200,RT,3,1,0
747249,RT-1950,LE,7,1,0
747250,FG-0200,MD,-3,0,0
747251,FG-0200,RT,6,0,0
747259,FG-0200,MD,2,0,0
747260,FG-0200,MD,2,0,0
747267,DK-0875,LT,13,1,0
747271,FG-0200,RT,0,0,0
747274,RT-1950,LT,6,0,0
747286,DK-0875,RE,12,1,0
747287,DK-0875,LG,1,1,0
747290,FG-0200,MD,0,0,0
747291,FG-0200,MD,-1,0,0
747292,FG-0200,RG,1,0,0
747301,CA-0750,MD,0,0,0
747303,LM-1000,LT,0,0,0
747307,IM-0125,RE,4,1,0
747309,JC-2300,LE,2,1,0
747311,JC-2300,RG,0,0,0
747317,LM-1000,MD,6,1,0
747320,CA-0750,RG,1,0,0
747325,CA-0750,RG,0,0,0
747329,JC-2300,RT,2,0,0
747330,TS-1450,LE,4,0,0
747334,MT-1300,MD,4,1,0
747335,MT-1300,LT,0,0,0
747337,TT-0500,RE,2,0,0
747340,LM-1000,RT,4,1,0
747341,MT-1300,LG,0,0,0
747347,CA-0750,MD,32,1,0
747349,JC-2300,MD,12,1,0
747353,LM-1000,LG,1,0,0
747355,MT-1300,LG,9,1,0
747356,MT-1300,RG,5,1,0
747362,CA-0750,LG,1,0,0
747367,TT-0500,LE,2,0,0
747368,LM-1000,LT,1,0,0
747391,LM-1000,LG,3,0,0
747393,MT-1300,LG,10,0,0
747396,JC-2300,LG,2,0,0
747397,JC-2300,RG,19,1,0
747400,CA-0750,MD,0,0,0
747401,AJ-0375,MD,2,1,0
747402,JC-2300,MD,3,0,0
747409,LM-1000,RT,7,1,0
747415,CA-0750,LG,-3,0,0
747418,MT-1300,RG,2,0,0
747422,JC-2300,RT,4,1,0
747424,TS-1450,RT,7,1,0
747426,CA-0750,RT,5,0,0
747428,DH-2350,RG,1,0,0
747429,LM-1000,LT,-4,0,0
747430,LM-1000,RG,-2,0,0
747431,TT-0500,LE,3,0,0
747440,JC-2300,LT,12,1,0
747444,TT-0500,LE,7,1,0
747445,LM-1000,LT,1,0,0
747446,MT-1300,RG,3,0,0
747448,LM-1000,LT,4,1,0
747449,MT-1300,MD,0,0,0
747451,MT-1300,MD,3,1,0
747452,MT-1300,MD,5,1,0
747453,LM-1000,LT,2,1,0
747454,LM-1000,LE,-4,0,0
747455,LM-1000,RG,2,0,0
747456,TT-0500,LE,3,0,0
747460,TS-1450,LE,1,0,0
747466,TT-0500,NL,-1,0,1
747467,TT-0500,NL,-2,0,1
747468,TT-0500,NL,-1,0,1
747470,LM-1150,LE,0,0,0
747474,MG-0650,RT,-2,0,0
747475,JW-2550,MD,-1,0,0
747477,MG-0650,LG,0,0,0
747484,DF-1362,RG,1,0,0
747487,BE-0350,LE,-1,0,0
747489,DW-1725,RE,4,0,0
747493,JW-2550,MD,6,1,0
747496,DF-1362,RT,2,0,0
747498,DW-1725,LE,6,0,0
747500,MG-0650,RG,5,1,0
747502,JW-2550,RT,6,0,0
747511,DL-1700,LG,3,0,0
747517,LM-1150,RT,7,1,0
747523,LM-1150,LE,12,1,0
747524,LM-1150,MD,3,0,0
747526,DW-1725,LT,2,0,0
747528,DW-1725,RT,6,1,0
747539,MG-0650,RE,8,1,0
747540,MG-0650,LT,3,1,0
747542,MG-0650,RT,0,0,0
747551,DW-1725,RE,4,1,0
747552,DW-1725,RE,5,1,0
747553,LM-1150,MD,0,0,0
747555,TB-2300,LT,6,1,0
747558,JW-2550,MD,5,0,0
747568,LM-1150,MD,5,1,0
747569,DW-1725,MD,7,1,0
747573,LM-1150,MD,9,1,0
747574,LM-1150,MD,2,1,0
747581,MG-0650,LG,7,1,0
747582,MG-0650,LE,-3,0,0
747584,MG-0650,MD,4,1,0
747585,DL-1700,LG,2,0,0
747588,JW-2550,RG,1,0,0
747592,DF-1362,LG,3,0,0
747595,TE-0350,RT,4,1,0
747596,DF-1362,MD,5,1,0
747597,DF-1362,MD,4,1,0
747598,DF-1362,LE,3,0,0
747600,DF-1362,LT,5,1,0
747601,DF-1362,LT,2,0,0
747605,MG-0650,LG,5,1,0
747606,MG-0650,LG,4,1,0
747607,MG-0650,MD,0,0,0
747609,LM-1150,MD,5,1,0
747610,LM-1150,MD,3,1,0
747611,DW-1725,MD,7,1,0
747623,LM-1150,LT,1,0,0
747625,LM-1150,LT,7,1,0
747626,LM-1150,RG,2,1,0
747627,LM-1150,MD,0,0,0
747644,MF-1300,RG,3,0,0
747646,EM-0950,MD,2,0,0
747649,JA-0450,LE,-2,0,0
747650,DW-3125,LG,8,1,0
747653,MF-1300,MD,4,1,0
747660,BP-1200,LT,2,0,0
747661,EM-0950,MD,10,1,0
747662,BP-1200,RE,-3,0,0
747667,JA-0450,RT,0,0,0
747670,DW-3125,RT,-3,0,0
747674,MF-1300,MD,1,0,0
747677,JA-0450,LT,4,1,0
747678,JA-0450,MD,4,1,0
747681,JA-0450,MD,8,1,0
747682,JA-0450,MD,-2,0,0
747686,EM-0950,MD,1,0,0
747689,MF-1300,RT,0,0,0
747693,EM-0950,RE,8,0,0
747699,JA-0450,RT,-2,0,0
747702,MF-1300,RG,-1,0,0
747704,JM-2900,RE,1,0,0
747706,JA-0450,RT,2,0,0
747710,BP-1200,LT,8,1,0
747711,BP-1200,MD,4,1,0
747717,JA-0450,MD,4,1,0
747721,JM-2900,NL,-1,0,1
747724,JA-0450,MD,-5,0,0
747728,MF-1300,RT,5,1,0
747729,MF-1300,LE,1,0,0
747732,MF-1300,LT,12,1,0
747733,BP-1200,LE,1,1,0
747740,BP-1200,RG,1,0,0
747743,JM-2900,MD,7,1,0
747744,EM-0950,MD,2,1,0
747745,BP-1200,LT,0,0,0
747748,BP-1200,LT,4,0,0
747750,EM-0950,RE,5,1,0
747752,BP-1200,MD,0,0,0
747760,JA-0450,RT,5,1,0
747766,BP-1200,MD,9,1,0
747768,BP-1200,LG,5,1,0
747769,BP-1200,RT,1,0,0
747778,JM-2900,MD,0,0,0
747779,EM-0950,RT,6,0,0
747787,BP-1200,RT,7,1,0
747788,BP-1200,MD,0,0,0
747789,BP-1200,MD,-2,0,0
747791,KD-1462,RE,0,0,0
747797,JC-6200,MD,9,1,0
747803,JS-6700,LG,5,1,0
747805,CM-1225,LE,7,1,0
747806,JS-6700,LE,17,1,0
747807,JS-6700,MD,4,1,0
747808,JS-6700,RE,5,1,0
747809,JS-6700,MD,1,1,0
747810,CM-1225,LE,5,1,0
747811,CM-1225,MD,2,0,0
747813,JS-6700,LG,4,1,0
747814,JS-6700,RE,2,0,0
747819,MI-0100,LT,5,1,0
747821,MI-0100,LT,2,0,0
747823,TL-0825,RE,8,1,0
747824,AP-0700,LG,5,1,0
747827,AP-0700,RE,6,1,0
747829,AP-0700,RT,-1,0,0
747834,JS-6700,MD,5,1,0
747835,CN-0500,MD,3,1,0
747836,CS-0050,LE,31,1,0
747839,JS-6700,RG,5,0,0
747848,JS-6700,LG,3,0,0
747850,CN-0500,LT,10,1,0
747852,AP-0700,RG,1,0,0
747858,JS-6700,LT,0,0,0
747862,MI-0100,LT,15,1,0
747865,MI-0100,MD,8,1,0
747866,AK-0050,MD,12,1,0
747867,TG-0900,LE,15,1,0
747868,MI-0100,LE,-5,0,0
747874,MI-0100,RG,3,0,0
747876,MI-0100,LT,2,0,0
747879,MI-0100,RE,2,0,0
747885,JS-6700,RT,6,1,0
747892,AP-0700,MD,4,1,0
747898,CM-1225,MD,2,1,0
747902,CN-0500,LE,3,1,0
747907,MI-0100,RT,11,1,0
747909,AP-0700,RE,11,1,0
747917,AP-0700,LT,6,1,0
747918,AP-0700,LT,3,1,0
747919,AP-0700,MD,-2,0,0
747925,MI-0100,RT,0,0,0
747927,MI-0100,MD,5,1,0
747928,AK-0050,RT,25,1,0
747935,MI-0100,LT,-1,0,0
747936,MI-0100,MD,2,0,0
747937,MI-0100,LT,7,0,0
747939,FW-0750,MD,8,1,0
747940,FW-0750,RG,4,1,0
747947,DS-3300,RE,1,0,0
747952,PP-0350,RT,2,0,0
747956,PP-0350,LT,2,0,0
747961,CC-2350,MD,1,0,0
747964,OD-0200,RT,3,0,0
747968,OD-0200,LE,1,0,0
747969,OD-0200,LE,-4,0,0
747971,LB-0500,MD,3,0,0
747973,LB-0500,MD,17,1,0
747974,LB-0500,RT,8,1,0
747976,WS-0650,MD,1,0,0
747977,CW-1425,MD,2,1,0
747978,DS-3300,RE,11,1,0
747979,WS-0650,LE,1,0,0
747981,DS-3300,LE,-1,0,0
747982,WS-0650,MD,3,0,0
747983,CW-1425,LE,11,1,0
747985,WS-0650,MD,2,1,0
747987,LB-0500,MD,4,1,0
747988,LB-0500,MD,1,1,0
747991,PP-0350,LT,-1,0,0
747995,CC-2350,LE,0,0,0
748000,WS-0650,MD,14,1,0
748001,WS-0650,RE,8,1,0
748002,WS-0650,RE,5,1,0
748004,LB-0500,LE,2,0,0
748007,SV-0200,MD,5,1,0
748018,OD-0200,MD,-1,0,0
748019,CW-1425,NL,0,0,1
748025,LB-0500,RE,20,1,0
748026,LB-0500,LE,5,1,0
748029,LB-0500,MD,1,0,0
748030,CW-1425,MD,3,0,0
748035,LB-0500,LE,0,0,0
748036,CW-1425,RE,5,0,0
748039,CW-1425,MD,1,1,0
748041,LB-0500,MD,0,0,0
748046,PP-0350,MD,7,1,0
748052,PP-0350,MD,7,1,0
748053,PP-0350,LT,1,0,0
748055,PP-0350,MD,2,0,0
748058,CC-2350,LE,2,0,0
748059,WS-0650,LE,4,0,0
748071,OD-0200,MD,20,1,0
748072,OD-0200,LT,2,0,0
748076,CC-2350,MD,7,1,0
748077,CC-2350,RE,-3,0,0
748080,WS-0650,LE,2,0,0
748083,OD-0200,LT,1,0,0
748089,WS-0650,LE,2,0,0
748091,CC-2350,LE,15,1,0
748096,PP-0350,RT,0,0,0
748100,PP-0350,MD,2,0,0
748106,WS-0650,LE,20,1,0
748107,WS-0650,RT,9,1,0
748108,LB-0500,MD,6,1,0
748126,LB-0250,RG,3,0,0
748129,JH-5575,RE,-1,0,0
748133,TC-1975,RE,4,1,0
748134,JH-5575,LE,11,1,0
748135,MG-0850,RT,2,0,0
748136,JH-5575,RE,8,1,0
748137,JH-5575,LT,1,0,0
748138,JH-5575,LG,3,1,0
748143,LB-0250,RG,1,0,0
748146,LB-0250,LT,2,0,0
748148,JH-5575,RE,1,0,0
748149,JH-5575,LE,13,1,0
748150,TC-1975,RE,3,0,0
748151,TC-1975,LG,2,0,0
748152,MG-0850,RG,2,0,0
748160,JH-5575,LT,2,0,0
748162,TC-1975,RE,1,0,0
748170,LB-0250,RG,5,1,0
748172,LB-0250,RG,9,1,0
748176,TW-1125,LG,3,1,0
748178,LB-0250,RG,2,1,0
748184,JH-5575,LG,8,1,0
748185,JH-5575,RT,9,1,0
748186,TC-1975,LT,26,1,0
748187,MG-0850,MD,0,0,0
748190,JH-5575,RG,6,1,0
748191,JH-5575,RT,13,1,0
748206,TC-1975,RE,-4,0,0
748209,LB-0250,RG,4,1,0
748217,JH-5575,RE,5,1,0
748218,JH-5575,LG,-6,0,0
748219,LB-0250,LG,4,1,0
748221,BR-1100,LG,6,1,0
748223,LB-0250,LT,5,1,0
748225,LB-0250,LG,1,1,0
748228,JH-5575,LE,17,1,0
748229,TC-1975,RG,-1,0,0
748232,TC-1975,LG,0,0,0
748234,JH-5575,LE,15,1,0
748235,JH-5575,RT,-4,0,0
748238,TC-1975,LG,4,0,0
748241,LB-0250,LG,2,0,0
748243,LB-0250,RE,1,0,0
748246,LB-0250,RG,2,0,0
748249,JH-5575,LG,0,0,0
748250,TC-1975,LT,3,0,0
748253,LB-0250,LG,7,1,0
748259,JH-5575,LE,-2,0,0
748264,LB-0250,RG,13,1,0
748268,JH-5575,LT,1,0,0
748272,TC-1975,RG,4,1,0
748281,JH-5575,RE,1,0,0
748282,TC-1975,RG,36,1,0
748283,JH-5575,LE,18,1,0
748284,JH-5575,LT,19,1,0
748286,DC-3550,RE,6,1,0
748287,DC-3550,MD,4,1,0
748289,DC-3550,LT,3,0,0
748291,DC-3550,MD,0,0,0
748292,DC-3550,MD,1,1,0
748295,JR-2800,LE,0,0,0
748299,BR-0250,RE,3,0,0
748304,DC-3550,LG,1,0,0
748308,DC-3550,MD,0,0,0
748313,JR-2800,RG,3,0,0
748320,DC-3550,RE,3,1,0
748322,DC-3550,LG,2,0,0
748325,DC-3550,LG,3,1,0
748327,DC-3550,MD,3,0,0
748329,DC-3550,RE,1,0,0
748335,JR-2800,RE,4,1,0
748336,JR-2800,LT,4,1,0
748341,LM-1850,MD,3,0,0
748351,CK-0250,RE,4,1,0
748354,DC-3550,MD,9,1,0
748355,DC-3550,LT,4,1,0
748365,CK-0250,NL,-1,0,1
748367,JR-2800,RG,4,1,0
748368,JW-5650,LE,4,1,0
748371,DC-3550,LG,1,0,0
748380,CS-1950,RG,2,0,0
748385,DC-3550,MD,6,1,0
748386,LM-1850,RG,2,0,0
748389,DC-3550,MD,0,0,0
748390,DC-3550,MD,7,1,0
748394,DC-3550,MD,26,1,0
748396,DC-3550,LG,4,1,0
748401,CS-1950,LT,2,0,0
748412,DC-3550,LT,0,0,0
748418,DC-3550,MD,2,0,0
748419,CK-0250,RE,12,1,0
748420,DC-3550,LT,2,0,0
748421,DC-3550,MD,-2,0,0
748434,DC-3550,LT,6,1,0
748435,DC-3550,LG,2,1,0
748437,JM-3450,LE,1,0,0
748438,JM-3450,LG,4,0,0
748439,CK-0250,LE,5,1,0
748440,DC-3550,RG,3,1,0
748441,CK-0250,NL,-1,0,1
748442,CK-0250,NL,-1,0,1
748444,DM-4300,LG,-1,0,0
748448,CC-0750,RG,0,0,0
748452,DM-4300,LG,3,0,0
748453,DM-4300,MD,2,0,0
748456,RW-3850,LE,3,0,0
748465,CC-0750,RG,5,1,0
748466,CC-0750,LT,6,1,0
748471,DM-4300,MD,4,1,0
748472,TT-0150,RE,-1,0,0
748475,CP-2550,LT,6,1,0
748476,CP-2550,MD,3,1,0
748477,CC-0750,RT,0,0,0
748481,DH-2450,RT,-1,0,0
748482,DH-2450,RT,1,0,0
748484,DH-2450,RE,-5,0,0
748487,DH-2450,MD,-1,0,0
748488,MM-0912,LE,5,0,0
748495,RW-3850,MD,0,0,0
748499,DM-4300,MD,3,1,0
748501,MM-0912,LE,3,0,0
748502,DM-4300,MD,6,1,0
748504,MM-0912,RE,4,1,0
748507,DM-4300,LT,5,1,0
748508,DM-4300,LT,2,0,0
748513,CC-0750,RT,3,0,0
748518,DM-4300,LG,1,0,0
748537,CC-0750,RG,1,0,0
748538,CC-0750,LT,5,0,0
748541,CC-0750,LG,7,1,0
748542,CC-0750,RG,7,1,0
748544,CP-2550,RG,1,0,0
748549,DM-4300,MD,3,1,0
748550,DM-4300,LT,9,1,0
748551,MM-0912,RE,3,0,0
748556,CC-0750,LE,1,0,0
748559,DH-2450,RG,3,0,0
748560,MM-0912,RE,10,1,0
748561,DH-2450,MD,7,1,0
748562,DH-2450,MD,5,1,0
748567,RW-3850,LE,3,0,0
748569,CC-0750,RT,-1,0,0
748573,DM-4300,LE,75,1,0
748577,CP-2550,LG,-1,0,0
748586,DH-2450,MD,8,1,0
748588,DH-2450,RE,25,1,0
748590,DH-2450,LE,5,1,0
748591,MM-0912,LT,3,1,0
748596,RW-3850,LE,6,1,0
748604,DM-4300,LT,5,1,0
748605,DM-4300,MD,-2,0,0
748609,RW-3850,RE,11,1,0
748612,RW-3850,MD,0,0,0
748618,RW-3850,MD,3,1,0
748623,DH-2450,LT,4,1,0
748624,DH-2450,MD,2,0,0
748625,DH-2450,RT,1,0,0
748627,MM-0912,NL,-1,0,1
748629,JH-4025,MD,1,0,0
748631,JH-4025,LE,2,0,0
748635,JM-5275,LE,20,1,0
748636,JM-5275,RE,3,0,0
748637,JM-5275,RE,-1,0,0
748643,TM-3150,LE,7,1,0
748651,JM-5275,RE,1,0,0
748653,JM-5275,RE,1,0,0
748654,JM-5275,RT,1,0,0
748657,TM-3150,RG,0,0,0
748661,JM-5275,LE,-6,0,0
748664,GB-0350,RT,25,1,0
748665,JH-4025,MD,8,1,0
748666,JH-4025,RG,1,0,0
748667,JH-4025,LG,5,1,0
748668,JH-4025,MD,3,0,0
748673,TM-3150,LE,0,0,0
748678,TM-3150,MD,3,0,0
748680,AR-1300,RE,9,1,0
748681,JW-3650,LG,6,1,0
748686,JM-5275,MD,10,1,0
748688,JM-5275,LG,8,1,0
748689,JM-5275,RE,-1,0,0
748690,GB-0350,MD,1,0,0
748709,TM-3150,LE,8,1,0
748710,TM-3150,RG,3,1,0
748712,TM-3150,RG,0,0,0
748713,TM-3150,RT,0,0,0
748718,JM-5275,RT,-2,0,0
748722,TM-3150,LE,2,0,0
748728,JH-4025,LE,3,0,0
748732,AR-1300,RE,13,1,0
748743,JM-5275,RG,0,0,0
748744,GB-0350,RT,1,0,0
748747,TM-3150,LT,4,1,0
748750,TM-3150,LG,2,0,0
748751,AR-1300,RE,3,0,0
748754,JM-5275,MD,2,0,0
748758,JM-5275,RG,6,1,0
748759,JM-5275,RT,6,1,0
748761,JM-5275,LT,7,1,0
748763,JM-5275,LG,9,1,0
748764,AD-0100,MD,-1,0,0
748777,TM-3150,LT,6,1,0
748782,AD-0100,NL,-1,0,1
748784,JM-5275,RT,-2,0,0
748791,AR-1300,RE,-2,0,0
748794,MG-1150,MD,10,1,0
748797,KH-2850,MD,8,1,0
748799,AS-1600,MD,4,1,0
748803,MG-1150,MD,14,1,0
748804,MG-1150,LT,14,1,0
748805,TB-1060,LE,9,1,0
748806,BO-0150,LT,-1,0,0
748807,BO-0150,MD,3,1,0
748809,MG-1150,MD,2,0,0
748812,KH-2850,MD,3,0,0
748813,KH-2850,RE,11,1,0
748817,MG-1150,MD,-2,0,0
748818,MG-1150,LE,9,1,0
748820,MG-1150,RT,-3,0,0
748821,MG-1150,RT,0,0,0
748823,BO-0150,LT,-2,0,0
748825,MG-1150,RE,11,1,0
748828,CW-1450,RE,1,0,0
748830,KH-2850,MD,10,0,0
748834,MG-1150,RE,2,0,0
748837,TH-1750,LE,3,0,0
748838,KH-2850,RT,20,1,0
748839,AS-1600,RE,5,1,0
748843,KH-2850,RT,-1,0,0
748850,MG-1150,LE,6,1,0
748852,MG-1150,RG,2,0,0
748854,MG-1150,LT,3,0,0
748859,MG-1150,RT,0,0,0
748862,MG-1150,MD,10,0,0
748865,KH-2850,RE,5,1,0
748867,KH-2850,RE,1,0,0
748869,TH-1750,LE,1,0,0
748873,BO-0150,RT,5,0,0
748876,BO-0150,LT,3,0,0
748878,BO-0150,LT,6,1,0
748879,BO-0150,MD,1,0,0
748894,KH-2850,MD,11,1,0
748896,CW-1450,MD,-2,0,0
748897,TH-1750,RE,9,1,0
748899,AW-1650,RE,-4,0,0
748900,MG-1150,RE,-1,0,0
748901,BO-0150,LG,1,0,0
748905,KH-2850,MD,20,1,0
748914,MG-1150,LT,2,0,0
748919,KH-2850,MD,0,0,0
748921,KH-2850,LT,1,0,0
748923,KH-2850,MD,3,1,0
748936,KH-2850,RE,4,1,0
748937,KH-2850,RT,5,1,0
748938,KH-2850,MD,2,1,0
748939,KH-2850,RG,69,1,0
748952,ML-2500,MD,3,0,0
748954,SP-0825,RE,2,0,0
748955,SP-0825,RG,2,0,0
748957,SP-0825,LG,1,0,0
748959,SP-0825,LG,4,1,0
748960,SP-0825,LT,0,0,0
748964,ML-2500,LE,3,0,0
748968,SP-0825,LG,4,1,0
748973,CP-0750,RE,8,1,0
748975,ML-2500,LE,1,0,0
748977,SP-0825,RE,2,0,0
748981,SP-0825,LE,-3,0,0
748985,ML-2500,MD,5,0,0
748991,CT-1220,RE,4,0,0
748996,ML-2500,LE,1,0,0
748999,SP-0825,LG,9,1,0
749000,SP-0825,MD,3,1,0
749002,SP-0825,RT,8,1,0
749004,SP-0825,LG,2,0,0
749007,SP-0825,RG,4,1,0
749012,JR-2075,LG,11,1,0
749014,JR-2075,RE,-7,0,0
749017,CT-1220,LE,13,1,0
749020,CT-1220,RT,4,0,0
749024,DC-0725,NL,-1,0,1
749026,SP-0825,MD,2,0,0
749030,CT-1220,MD,0,0,0
749037,ML-2500,LE,5,0,0
749040,SP-0825,MD,1,0,0
749044,DW-1350,RG,0,0,0
749048,CP-0750,RE,-3,0,0
749052,SP-0825,RG,1,0,0
749056,CT-1220,RT,2,0,0
749057,SP-0825,RG,4,0,0
749066,SP-0825,MD,3,1,0
749067,SP-0825,LT,0,0,0
749074,MB-3856,RE,1,0,0
749076,CT-1220,LE,8,1,0
749077,CT-1220,LT,7,1,0
749078,MB-3856,RE,11,1,0
749079,MB-3856,RE,6,1,0
749080,CT-1220,MD,0,0,0
749081,KC-2350,MD,2,0,0
749087,DC-0725,LG,6,1,0
749094,MB-3856,MD,9,1,0
749095,MB-3856,LE,-1,0,0
749096,MB-3856,LG,1,0,0
749106,CJ-1700,MD,-1,0,0
749111,CJ-1700,MD,2,0,0
749112,CJ-1700,LT,-3,0,0
749116,EE-0250,MD,-1,0,0
749117,EE-0250,RE,1,0,0
749122,CJ-1700,RT,3,0,0
749124,CP-0500,MD,3,1,0
749125,AE-0750,LG,5,1,0
749126,CJ-1700,RE,0,0,0
749129,CJ-1700,LE,-4,0,0
749135,CP-0500,MD,2,0,0
749137,EE-0250,MD,-3,0,0
749142,CJ-1700,MD,5,0,0
749144,CJ-1700,RE,3,0,0
749149,EE-0250,MD,1,0,0
749150,EE-0250,MD,30,1,0
749152,EE-0250,LE,2,0,0
749155,EE-0250,MD,1,0,0
749159,CJ-1700,LE,-1,0,0
749164,EE-0250,MD,0,0,0
749167,DP-2037,RT,10,1,0
749172,AE-0750,LT,6,0,0
749176,EE-0250,LG,3,0,0
749177,EE-0250,RT,1,0,0
749180,CJ-1700,RG,5,1,0
749185,EE-0250,MD,8,1,0
749186,EE-0250,RE,3,1,0
749187,EE-0250,RE,20,1,0
749191,CJ-1700,MD,5,1,0
749194,KW-1250,MD,3,0,0
749198,EE-0250,MD,0,0,0
749209,EE-0250,RE,-4,0,0
749213,CJ-1700,LT,3,0,0
749217,RS-3525,LE,3,0,0
749218,EE-0250,MD,4,0,0
749220,EE-0250,MD,2,0,0
749227,AE-0750,MD,2,0,0
749230,AE-0750,MD,5,1,0
749234,AE-0750,MD,4,1,0
749235,CP-0500,MD,2,1,0
749242,DP-2037,MD,7,1,0
749243,EE-0250,LT,7,1,0
749244,EE-0250,RT,8,1,0
749251,EE-0250,MD,4,1,0
749252,EE-0250,MD,1,0,0
749253,EE-0250,RT,-8,0,0
749267,DP-2037,NL,-1,0,1
