tid,gid,tname,pts,q1p,q2p,q3p,q4p,rfd,pfd,ifd,ry,ra,py,pa,pc,sk,ints,fum,pu,gpy,pr,pry,kr,kry,ir,iry,pen,top,td,tdr,tdp,tdt,fgm,fgat,fgy,rza,rzc,bry,bpy,srp,s1rp,s2rp,s3rp,spp,s1pp,s2pp,s3pp,lea,ley,lta,lty,lga,lgy,mda,mdy,rga,rgy,rta,rty,rea,rey,r1a,r1y,r2a,r2y,r3a,r3y,qba,qby,sla,sly,sma,smy,sra,sry,dla,dly,dma,dmy,dra,dry,wr1a,wr1y,wr3a,wr3y,tea,tey,rba,rby,sga,sgy,p1a,p1y,p2a,p2y,p3a,p3y,spc,mpc,lpc,q1ra,q1ry,q1pa,q1py,lcra,lcry,lcpa,lcpy,rzra,rzry,rzpa,rzpy,sky,lbs,dbs,sfpy,drv,npy,tb,i20,rtd,lnr,lnp,lbr,lbp,dbr,dbp,nha,s3a,s3c,l3a,l3c,stf,dp,fsp,ohp,pbep,dlp,dsp,dum,pfn,snpo,snpd,fp
9047,4524,KC,42,7,7,7,21,8,17,1,188,33,352,35,28,3,0,1,6,262,4,10,4,86,0,0,139,30,6,2,4,0,0,0,0,3,3,112,178,14,10,3,1,23,12,8,3,1,40,0,0,1,1,8,41,3,32,6,31,5,28,14,134,9,36,1,3,2,9,7,62,7,54,13,74,3,25,0,0,4,120,12,161,6,35,10,55,6,84,51,606,18,228,11,69,9,22,9,15,4,5,31,8,66,5,74,9,120,2,6,6,19,16,2,0,357,15,254,0,3,0,10.5,2,8,2.5,11.5,13.5,2,1,1,5,1,3,0,1,4,2,1,6,3,1,68,81,3
9048,4524,NE,27,7,10,10,0,10,11,4,125,36,247,36,16,3,0,0,6,242,1,8,3,49,0,0,55,30,3,3,0,0,2,2,57,6,3,53,151,18,9,7,2,13,5,5,3,5,34,5,33,6,20,9,20,3,11,3,-1,3,8,15,75,13,31,6,19,1,1,11,122,3,20,7,25,10,73,2,27,3,0,8,88,12,108,8,33,8,38,41,292,17,110,11,76,11,61,3,3,10,11,47,12,93,3,16,10,28,16,32,4,5,20,0,0,389,14,232,0,1,0,8,7,7.5,2.5,6.5,15.5,9,6,2,10,3,9,0,0,1,2,0,1,3,0,81,68,1
9049,4525,ARI,23,10,0,7,6,4,15,5,45,18,264,48,27,1,3,1,4,184,1,0,2,46,1,82,55,26.5,3,1,1,1,1,2,53,4,2,10,81,7,4,1,2,21,10,6,5,5,19,5,11,0,0,6,13,0,0,1,1,1,1,8,25,7,17,3,3,1,2,15,88,13,109,13,48,2,24,1,0,3,0,22,106,6,43,6,15,13,105,39,240,23,100,13,93,13,71,8,13,6,7,9,8,20,0,0,5,21,4,6,8,4,5,1,0,342,12,136,0,1,0,9.5,0,9.5,10.5,6,14.5,6,6,4,9,2,3,7,1,5,0,0,3,1,1,75,71,8
9050,4525,DET,35,0,9,6,20,3,15,1,83,28,285,41,29,1,1,0,5,189,3,48,3,49,3,83,100,33.5,5,0,4,1,1,1,58,3,3,25,76,10,6,2,2,20,5,9,6,3,2,5,11,0,0,3,30,0,0,8,26,7,14,20,42,3,10,3,31,1,15,10,38,12,68,11,60,1,16,2,63,3,47,14,144,11,101,3,9,11,38,49,294,9,74,20,134,13,77,11,11,7,5,15,9,18,7,22,8,122,6,9,4,29,7,0,0,476,13,189,0,1,0,8,2.5,5,7.5,4,15,34,3,2,10,5,6,7,1,2,1,0,3,4,1,71,75,16
9051,4526,ATL,23,3,7,3,10,4,12,2,66,25,308,30,21,2,0,0,3,178,2,24,1,11,0,0,73,30.5,2,1,1,0,3,3,113,3,1,13,173,8,3,3,2,16,8,5,3,3,2,4,18,4,27,0,0,4,7,5,6,1,6,11,33,7,26,3,7,1,13,10,67,7,100,10,48,1,0,1,60,1,18,14,113,4,36,3,100,9,44,18,215,13,104,11,73,8,103,6,7,8,6,19,7,47,2,-1,9,119,3,24,2,4,13,0,1,183,10,133,0,0,0,5,3,7,10,6,16,5,2,1,5,1,6,0,0,3,0,0,2,2,1,59,67,5
9052,4526,CHI,17,0,10,0,7,6,11,3,125,19,176,40,26,4,0,0,5,244,3,45,3,70,0,0,40,29.5,2,1,1,0,1,1,54,3,2,72,22,10,5,4,1,14,6,3,5,6,59,1,2,3,7,0,0,2,13,1,2,6,36,11,36,7,76,1,7,0,0,18,57,9,100,12,56,1,0,0,0,0,0,8,40,6,42,9,70,17,61,35,166,16,51,14,54,14,71,8,14,4,4,29,8,29,0,0,19,84,3,15,6,21,37,0,0,253,9,200,1,3,0,4,2,10.5,7.5,4.5,12.5,3,2,2,6,1,3,0,0,2,0,0,1,1,0,67,59,2
9053,4527,BAL,20,3,14,3,0,8,5,4,157,42,111,17,9,1,1,0,6,250,3,23,0,0,4,69,85,34,2,1,1,0,2,2,50,3,1,38,48,19,9,6,4,5,1,2,2,7,24,10,25,11,51,4,8,4,20,3,11,3,18,20,57,14,56,8,44,0,0,7,33,8,88,1,0,0,0,0,0,1,0,9,69,0,0,3,19,5,33,22,184,5,19,7,46,6,46,2,6,1,6,15,8,51,0,0,0,0,4,10,5,8,10,3,1,386,13,236,0,1,0,5,1,10.5,9,6.5,11,0,2,2,9,3,8,0,2,5,2,0,2,1,0,66,61,25
9054,4527,CIN,0,0,0,0,0,3,8,3,77,22,144,31,16,5,4,1,5,212,3,14,1,11,1,0,66,26,0,0,0,0,0,0,0,3,0,35,66,8,6,1,1,11,5,3,3,2,-3,0,0,2,5,2,8,7,39,5,13,4,15,14,58,7,17,1,2,1,2,8,63,6,33,9,47,3,0,1,27,2,0,15,98,6,11,2,9,6,52,40,213,12,80,11,27,13,37,6,8,2,6,25,5,5,0,0,0,0,3,5,7,5,26,0,0,369,12,189,0,2,0,12,1,18.5,4,10.5,4,0,2,1,8,3,5,0,1,3,0,1,3,2,0,61,66,4
9055,4528,JAC,29,3,16,7,3,7,8,4,157,41,125,21,11,0,0,0,4,187,1,7,0,0,1,67,89,30,3,1,1,1,3,4,105,4,2,72,20,17,10,6,1,11,7,1,3,1,15,1,9,4,11,12,27,11,36,6,53,2,6,19,88,15,64,3,5,1,15,6,64,2,22,9,19,4,20,0,0,0,0,5,17,7,54,3,18,6,36,19,124,7,66,4,18,10,41,1,7,3,10,66,8,73,0,0,0,0,9,14,3,10,0,1.5,0,420,11,146,1,0,0,9.5,8.5,8,6.5,5.5,13,0,4,2,6,2,7,7,1,1,0,1,5,2,0,64,79,28
9056,4528,HOU,7,0,0,7,0,4,11,8,93,23,110,36,19,10,1,3,5,216,1,21,1,24,0,0,94,30,1,0,1,0,0,0,0,2,1,0,26,14,10,2,2,16,6,7,3,2,8,5,20,3,10,6,26,0,0,7,29,0,0,16,71,5,10,2,12,2,16,11,46,8,76,11,42,2,0,1,0,3,0,16,55,3,0,10,60,7,49,47,165,15,49,20,49,11,12,5,11,3,5,11,7,12,0,0,0,0,0,0,6,11,54,0,0,318,12,209,0,2,0,9,1,13,2,14,6,25,2,2,7,1,4,0,0,4,0,1,3,1,0,79,64,0
9057,4529,NYJ,12,0,6,6,0,2,8,1,39,16,176,39,26,1,2,0,6,297,3,27,2,45,1,48,62,27,1,1,0,0,2,2,100,1,1,11,46,4,1,1,2,15,6,6,3,0,0,0,0,4,17,7,20,0,0,3,2,0,0,7,15,5,12,2,12,1,1,16,67,7,69,12,26,2,25,0,0,1,0,17,81,5,10,5,59,11,37,39,210,14,49,13,66,13,61,15,8,3,2,3,4,13,0,0,0,0,1,1,3,8,11,2,0,356,12,262,0,2,0,13.5,0,13.5,11,11,5,0,4,2,10,3,5,0,0,4,0,0,2,1,0,58,77,4
9058,4529,BUF,21,0,7,7,7,10,11,2,193,45,218,28,16,2,1,0,6,257,4,35,1,23,2,12,50,33,3,1,2,0,0,1,0,4,3,134,146,15,8,3,4,13,3,6,4,2,11,2,14,7,33,11,56,5,17,9,25,3,37,22,86,10,40,7,67,5,41,9,33,6,117,8,21,3,53,0,0,1,0,7,82,1,1,11,75,8,66,26,225,8,52,13,111,9,55,6,4,6,11,49,11,74,4,31,1,22,8,25,6,7,6,0,1,303,12,210,1,1,0,7.5,2.5,2.5,9.5,3,14,1,2,2,12,4,11,0,1,3,0,0,1,0,2,77,58,9
9059,4530,OAK,26,7,6,3,10,5,16,1,110,30,250,32,22,2,0,0,3,158,2,5,1,41,0,0,49,31.5,2,0,2,0,4,4,167,3,2,26,70,15,8,5,2,19,10,5,4,2,8,6,25,2,2,5,20,5,20,7,28,1,7,16,59,7,40,5,11,1,3,10,50,4,42,15,116,2,36,0,0,1,18,20,145,2,21,5,56,5,40,32,237,13,128,13,77,8,45,4,10,8,7,34,11,75,10,50,5,54,3,8,6,29,12,0,0,293,10,133,1,1,0,6.5,2.5,4.5,5.5,9,17,1,3,1,6,3,5,0,0,2,0,1,0,1,1,66,64,2
9060,4530,TEN,16,7,3,3,3,5,15,1,95,21,255,41,25,1,0,0,4,188,1,5,1,35,0,0,49,28.5,1,1,0,0,3,4,101,3,1,46,70,9,5,4,0,21,7,7,7,5,29,4,4,6,20,2,22,2,6,1,15,1,-1,11,42,8,53,2,0,3,26,7,29,11,78,15,67,3,23,1,19,4,40,19,140,10,24,10,76,2,16,44,369,16,79,14,70,12,106,7,13,5,6,24,6,51,0,0,0,0,3,10,5,21,1,2,0,202,9,163,1,2,0,3.5,1,15,5.5,9.5,13.5,4,3,2,9,4,6,0,1,0,1,0,1,1,1,64,66,2
9061,4531,PHI,30,7,9,3,11,1,17,1,59,25,298,39,26,2,1,1,4,170,0,0,1,8,1,15,76,34.5,3,0,2,1,3,3,129,1,1,0,135,9,6,3,0,21,8,5,8,6,9,1,2,2,7,4,11,3,6,4,11,3,13,13,39,8,20,2,0,3,7,8,95,9,64,13,67,4,81,4,0,0,0,18,154,0,0,10,104,10,49,38,233,16,86,13,71,12,141,7,14,5,8,24,8,94,7,12,7,55,2,8,3,6,9,0,0,381,12,167,0,1,0,5.5,4,4,6,7.5,16,3,2,1,10,6,7,8,1,0,2,1,1,1,2,68,63,20
9062,4531,WAS,17,0,14,3,0,3,12,1,64,17,200,40,23,4,1,3,4,162,2,3,4,77,1,24,15,25.5,2,0,1,1,1,1,33,2,0,10,91,10,7,2,1,17,5,10,2,4,16,1,-1,2,5,2,17,0,0,4,14,4,13,11,41,5,19,1,4,4,30,13,94,13,109,7,21,1,16,2,0,4,0,7,14,18,138,9,36,6,52,35,186,14,14,19,161,11,25,7,12,4,5,16,9,31,1,2,11,45,0,0,6,5,40,1.5,0,261,10,162,0,2,0,5.5,0.5,11,11,4.5,13.5,4,2,1,10,2,4,7,0,2,0,2,0,0,0,63,68,12
9063,4532,PIT,21,7,7,7,0,1,13,2,38,25,255,36,24,1,1,0,6,275,3,32,1,4,1,17,144,29,3,0,2,0,0,0,0,2,2,15,88,4,2,2,0,17,9,3,5,0,0,0,0,3,9,0,0,9,17,2,17,0,0,7,25,5,18,2,0,0,0,7,36,8,27,17,112,2,38,1,0,1,50,17,196,4,11,9,41,6,15,46,307,17,99,10,101,10,55,8,11,5,1,0,5,14,1,15,2,46,3,11,4,16,8,2,1,208,10,241,0,0,0,9.5,5.5,11.5,4,3,16.5,3,2,1,6,1,4,0,0,5,1,0,2,4,0,60,66,18
9064,4532,CLE,18,7,0,3,8,3,12,5,57,25,180,30,20,7,1,0,6,242,3,34,1,14,1,30,61,31,2,1,1,0,1,1,24,3,2,11,96,9,5,3,1,16,6,6,4,2,2,1,2,6,10,3,5,8,30,1,-9,4,17,15,37,6,2,4,18,5,17,9,43,5,48,6,60,1,0,3,19,6,52,9,66,10,74,2,20,9,62,48,221,13,83,14,50,10,47,4,11,5,13,21,9,34,0,0,0,0,5,17,4,2,42,0,0,315,11,180,0,2,0,4.5,2,6.5,7.5,3,12.5,15,4,3,9,2,4,0,1,1,0,0,2,0,0,66,60,3
9065,4533,IND,9,3,0,0,6,3,6,1,76,25,150,21,11,4,2,1,6,302,3,0,0,0,0,0,20,25.5,1,1,0,0,1,2,20,2,1,40,144,8,6,2,0,7,3,4,0,0,0,3,6,4,9,10,23,1,-2,3,12,2,25,14,61,9,12,0,0,1,3,7,25,3,3,7,69,2,82,0,0,2,0,11,107,4,4,3,41,3,27,26,103,8,64,6,105,11,-12,3,2,6,8,29,6,71,0,0,0,0,4,4,2,0,29,0,0,347,16,287,0,1,0,11,2,6.5,5,10.5,15,0,2,0,6,0,7,0,1,1,0,1,1,1,1,50,65,0
9066,4533,LA,46,10,17,10,9,5,13,1,66,40,310,30,22,1,0,1,5,218,3,15,2,48,2,68,50,34.5,5,2,1,2,3,3,129,4,3,12,186,9,4,3,2,17,7,6,4,4,-7,1,1,3,6,9,18,3,8,0,0,10,44,16,38,11,20,3,12,1,2,9,80,4,32,11,70,3,90,1,18,2,28,11,118,7,76,6,68,6,56,26,190,11,135,9,103,11,72,4,9,9,7,22,7,51,0,0,0,0,5,13,2,27,8,0,0,429,12,218,0,5,0,10.5,5,5.5,1.5,6,8.5,1,2,2,8,2,9,16,3,5,0,0,1,1,0,65,50,28
9067,4534,CAR,23,7,6,10,0,9,8,3,119,41,171,24,14,0,1,1,3,155,3,7,0,0,1,23,40,34.5,2,0,2,0,3,3,95,3,1,21,65,16,7,5,4,11,4,4,3,10,30,4,8,2,5,11,47,2,5,3,12,3,12,18,42,12,46,5,31,3,6,6,15,3,0,10,74,3,65,1,17,1,0,7,45,3,53,5,18,9,55,33,267,9,35,8,65,7,71,4,4,6,6,17,7,48,0,0,0,0,4,8,1,9,0,2,0,371,11,146,0,1,0,4.5,4,6.5,8.5,4,15.5,0,2,1,7,4,6,0,1,2,0,0,2,0,1,67,57,15
9068,4534,SF,3,0,0,3,0,2,10,1,51,15,166,35,24,4,1,1,4,163,1,9,0,0,1,37,74,25.5,0,0,0,0,1,1,44,1,0,30,43,4,4,0,0,18,7,8,3,2,13,3,10,2,7,4,16,1,1,0,0,3,4,10,52,2,-4,3,3,1,-5,13,77,4,23,15,93,2,0,0,0,1,0,16,102,3,15,6,27,10,49,19,82,13,66,14,67,12,33,9,13,2,6,43,8,33,0,0,0,0,2,-5,4,20,27,0,0,301,10,156,0,1,0,13.5,2,11,3,10.5,6,2,4,0,4,0,4,0,3,1,3,1,1,2,0,57,67,4
9069,4535,SEA,9,0,3,3,3,3,8,1,90,18,135,27,14,3,0,1,6,275,1,7,3,91,1,24,50,21,0,0,0,0,3,3,95,2,0,70,62,7,3,3,1,12,8,2,2,4,-1,2,0,0,0,7,90,0,0,2,4,3,-3,10,62,7,24,1,4,2,40,9,57,6,22,5,17,5,28,0,0,2,34,11,122,6,8,9,18,1,10,27,197,12,112,7,13,11,10,2,10,2,5,3,4,0,1,0,2,7,2,-3,5,8,23,1,0,275,10,275,0,3,0,7.5,3,10.5,5.5,5,22.5,5,2,1,6,0,9,0,1,0,1,3,4,0,2,49,82,7
9070,4535,GB,17,0,0,14,3,8,16,2,87,31,286,42,28,4,1,0,5,219,2,0,0,0,0,0,70,39,2,1,1,0,1,1,40,1,1,13,128,11,3,5,3,23,10,7,6,5,17,8,36,1,1,5,18,2,2,2,6,2,7,12,32,9,31,4,24,4,24,14,116,9,80,13,62,4,0,1,32,1,21,25,203,7,47,10,61,0,0,42,241,19,91,16,98,11,97,8,15,5,6,19,12,79,9,26,11,83,1,6,0,0,25,1.5,0,259,11,212,0,1,0,5,1.5,5,1.5,8,14,7,2,2,9,3,6,0,1,3,3,1,1,3,0,82,49,9
9071,4536,NYG,3,0,0,3,0,2,10,1,36,13,198,38,29,3,1,0,6,269,1,1,2,42,0,0,55,26,0,0,0,0,1,1,25,1,0,12,53,3,2,0,1,20,6,10,4,1,6,3,9,1,1,3,16,2,1,0,0,1,3,9,29,1,3,1,4,0,0,10,76,10,62,16,60,1,0,0,0,1,22,12,54,6,54,6,53,14,59,33,135,12,57,17,84,12,57,13,13,3,1,3,5,1,0,0,0,0,2,3,3,6,22,0,0,160,10,249,1,0,0,13.5,1,10,11,7.5,9,4,3,2,5,1,1,0,1,3,2,0,1,0,0,57,74,2
9072,4536,DAL,19,3,13,0,3,9,12,1,129,31,263,38,24,1,0,0,4,139,1,0,2,42,1,0,50,34,1,0,1,0,4,4,147,4,1,27,118,17,8,7,2,19,7,6,6,3,24,6,27,1,5,9,45,2,8,7,10,3,10,16,75,12,47,3,7,3,24,11,131,5,35,18,72,2,0,0,0,2,30,21,143,3,30,9,59,5,36,32,259,14,59,13,119,12,85,7,12,5,10,40,16,96,0,0,0,0,4,-8,5,15,5,0,0,265,9,138,0,4,0,3,6.5,7.5,9,0.5,16.5,7,3,2,7,3,6,0,1,3,0,0,0,1,0,74,57,12
9073,4537,NO,19,3,3,3,10,3,14,2,60,21,284,37,27,1,0,0,3,171,1,0,3,57,0,0,52,28.5,1,0,1,0,4,4,108,5,1,0,103,6,3,3,0,23,12,7,4,1,2,1,2,2,5,8,17,2,8,5,20,2,6,10,36,10,21,1,3,0,0,12,97,3,26,17,65,3,27,1,24,1,52,13,98,6,65,6,54,12,74,34,194,16,172,12,69,10,43,6,16,5,9,28,5,34,0,0,0,0,6,11,8,33,7,0,0,179,8,160,0,1,0,6.5,2.5,15.5,6,6,16.5,4,3,1,4,1,3,0,1,2,0,0,2,3,0,62,65,0
9074,4537,MIN,29,3,13,3,10,5,14,4,131,33,341,32,27,1,0,0,2,87,2,11,4,108,0,0,50,31.5,3,0,3,0,3,3,101,6,3,95,226,9,4,2,3,21,8,7,6,5,11,3,6,4,11,10,27,0,0,1,1,5,76,15,32,10,47,3,53,0,0,7,51,7,25,9,51,1,35,1,44,7,140,18,250,3,28,3,26,8,42,33,390,11,100,11,138,11,103,10,7,10,5,11,8,37,0,0,0,0,4,6,9,46,5,0,0,224,9,87,0,1,0,9,1,6,6,6,20,2,2,2,9,5,11,0,1,1,0,1,2,2,0,65,62,2
9075,4538,LAC,21,0,7,0,14,3,12,2,64,22,185,33,22,1,1,0,5,230,1,3,0,0,1,4,40,26,3,0,3,0,0,1,0,2,2,31,38,6,3,2,1,16,6,7,3,0,0,5,18,2,23,12,19,1,0,1,2,1,2,13,44,6,20,3,0,0,0,13,56,8,62,9,36,3,38,0,0,0,0,17,89,4,43,3,17,9,43,43,235,11,84,12,68,11,33,6,15,1,8,41,4,9,2,2,9,26,2,4,3,27,7,0,0,348,12,182,0,2,0,10,6,19.5,5.5,4.5,5.5,7,6,3,5,1,7,0,1,0,1,1,0,2,0,59,69,8
9076,4538,DEN,24,7,7,10,0,7,14,1,141,37,181,28,17,4,1,1,3,144,3,48,1,36,1,0,62,34,3,1,2,0,1,2,20,5,3,41,113,15,7,7,1,16,5,4,7,1,12,2,23,4,13,13,47,4,12,6,25,5,9,20,83,13,52,2,6,5,20,13,54,4,33,7,59,1,0,0,0,3,73,14,93,4,21,6,98,4,7,34,235,9,86,10,39,13,56,3,10,4,8,32,11,51,3,10,4,25,12,27,7,12,38,1,0,382,12,147,0,1,0,8,1,5.5,8.5,8.5,8.5,0,2,1,9,4,7,0,0,1,1,0,2,0,0,69,59,11
9077,4539,HOU,13,3,7,0,3,6,6,2,168,35,98,24,15,3,0,0,9,440,3,15,1,17,0,0,61,32,1,1,0,0,2,2,68,1,0,79,25,18,9,8,1,11,5,3,3,5,4,9,38,6,21,8,66,3,10,2,9,2,11,16,53,12,58,7,48,5,58,15,71,2,7,5,22,1,0,1,25,0,0,16,83,0,0,0,0,8,42,34,267,9,53,10,33,8,12,3,11,1,9,37,7,-1,13,50,7,39,4,17,1,0,27,2,1,289,12,342,0,2,0,9.5,1,6,8,8.5,11,0,3,0,8,3,11,0,2,4,1,2,0,1,0,66,64,9
9078,4539,CIN,9,0,6,3,0,4,8,0,82,24,213,35,20,3,0,1,7,334,6,98,2,76,0,0,45,28,0,0,0,0,3,3,98,3,0,12,109,13,6,5,2,12,6,3,3,8,25,0,0,4,15,3,2,4,17,5,23,0,0,11,51,9,25,4,6,2,5,10,41,7,28,8,35,3,0,1,50,2,59,15,94,6,62,4,42,6,15,36,159,14,124,11,45,13,33,10,6,4,3,19,7,57,4,15,10,17,4,2,6,-2,11,0,0,406,13,319,0,6,0,13,4,11,3,10,10,0,4,2,5,1,4,0,2,1,2,0,2,0,1,64,66,7
9079,4540,ARI,16,0,3,0,10,2,14,1,84,26,306,36,19,4,1,0,5,232,1,6,2,35,1,15,41,29,1,0,1,0,3,4,97,3,0,11,237,9,6,2,1,16,5,6,5,1,3,1,1,2,6,12,42,1,-2,4,18,3,16,15,49,7,26,2,9,2,7,12,54,6,92,8,20,6,99,2,45,2,22,17,94,11,164,3,62,5,12,29,210,12,131,14,84,14,91,3,4,12,4,12,5,55,7,21,7,80,5,11,7,18,26,3,0,355,12,209,0,2,0,7.5,2,12.5,8.5,7,13.5,0,4,2,9,3,3,0,1,3,1,2,0,0,0,66,71,10
9080,4540,IND,13,10,0,0,3,6,11,1,76,29,190,37,20,4,1,0,7,303,4,23,3,79,1,32,70,33,1,1,0,0,2,2,104,2,1,24,20,10,6,1,3,17,6,6,5,6,5,3,11,0,0,16,47,1,-4,1,8,2,9,19,64,7,1,3,11,6,22,11,68,8,58,13,90,1,0,1,0,2,0,14,67,9,31,9,99,4,19,42,224,10,66,16,51,15,73,3,12,5,11,25,10,54,4,3,13,57,5,14,5,-2,26,0,1,294,12,297,0,3,0,9.5,5,6.5,2,7,13,1,4,3,13,4,7,0,3,3,1,1,1,2,0,71,66,7
9081,4541,BUF,3,0,0,0,3,2,8,0,69,23,107,25,17,3,0,0,6,297,2,2,0,0,0,0,44,21,0,0,0,0,1,1,45,0,0,36,0,5,3,1,1,10,3,4,3,2,1,3,-9,2,3,5,9,3,12,3,9,5,44,12,27,7,22,4,20,8,55,12,62,4,32,6,31,1,0,0,0,2,0,9,48,4,18,3,23,9,36,30,166,8,24,9,37,11,46,5,11,1,3,6,3,10,6,17,12,72,0,0,0,0,18,0,1,211,10,267,0,2,0,16,7,7,4,4,15,4,3,1,10,3,9,0,0,3,0,0,1,1,0,54,69,10
9082,4541,CAR,9,3,3,0,3,6,12,1,78,29,178,32,20,6,0,0,6,249,5,30,0,0,0,0,40,39,0,0,0,0,3,3,82,3,0,35,65,10,5,3,2,19,10,4,5,4,17,4,14,2,1,6,11,4,11,4,9,3,15,12,28,11,23,4,27,4,28,13,65,2,31,10,67,0,0,0,0,7,65,15,145,6,13,5,36,6,34,48,229,15,113,11,30,12,35,3,10,7,11,50,11,63,6,8,8,60,5,2,4,0,50,0,0,313,10,247,0,3,0,13,4,6.5,4.5,3.5,10.5,2,2,1,9,2,11,0,0,2,3,1,0,0,1,69,54,10
9083,4542,CHI,7,0,0,0,7,1,16,2,20,16,290,45,31,1,2,2,3,168,2,10,2,43,0,0,59,27,1,0,1,0,0,0,0,3,1,0,20,4,3,1,0,26,10,9,7,3,6,3,6,0,0,6,-1,0,0,1,9,3,0,10,25,5,-3,1,-2,0,0,12,86,13,60,16,100,1,0,1,17,2,38,10,69,15,135,10,42,10,55,42,265,16,110,15,92,15,88,7,19,5,5,8,7,54,0,0,0,0,0,0,11,26,11,1,0,243,9,131,1,0,0,9.5,2,12.5,3.5,9,11.5,2,2,1,7,2,7,0,0,3,0,1,4,1,0,64,71,4
9084,4542,TB,29,10,16,0,3,6,13,3,119,36,194,31,18,2,0,1,3,146,1,17,0,0,2,69,34,33,3,1,1,1,3,3,160,5,2,24,21,13,9,2,2,16,4,6,6,1,1,5,17,2,9,14,35,0,0,7,30,3,27,20,84,8,22,4,13,1,3,8,48,7,54,9,48,3,17,2,16,2,21,16,132,5,18,7,47,3,7,25,170,9,51,14,80,10,63,2,11,5,6,10,10,58,0,0,0,0,9,26,6,20,10,0,0,311,11,136,0,0,0,7.5,1,5.5,9,3,21,5,3,2,6,3,4,6,0,1,1,1,0,1,0,71,64,19
9085,4543,CLE,10,0,7,3,0,6,12,2,93,21,293,42,20,3,4,1,4,209,1,0,1,18,1,0,65,26.5,1,0,1,0,1,1,38,1,0,46,213,8,5,3,0,14,5,6,3,2,3,1,13,3,5,2,18,7,42,2,2,4,10,15,62,5,26,1,5,6,31,4,13,13,56,11,42,2,28,3,69,9,92,9,11,21,183,5,47,7,59,56,388,15,85,17,126,13,82,7,5,8,6,19,10,72,0,0,0,0,2,12,3,0,7,2,0,268,12,190,0,0,0,7.5,0.5,9,11.5,12.5,13,14,1,1,9,1,5,0,3,3,3,2,0,2,0,71,68,6
9086,4543,BAL,24,7,14,0,3,7,16,1,137,33,201,34,25,2,1,1,5,235,3,19,0,0,4,33,45,33.5,3,1,2,0,1,2,28,4,3,92,43,12,7,4,1,18,8,7,3,3,18,4,20,6,51,0,0,15,35,2,12,1,5,20,62,8,53,3,26,0,0,4,7,16,139,11,51,1,0,0,0,1,20,12,38,0,0,13,121,8,58,28,242,13,93,14,102,9,6,8,13,4,6,12,8,45,0,0,0,0,4,11,6,23,16,3,0,441,13,215,1,4,0,7,0,6.5,10,7.5,12,0,0,0,9,1,9,0,0,2,1,2,2,0,0,68,71,17
9087,4544,MIN,9,0,3,6,0,5,8,1,91,20,146,38,20,2,0,1,6,264,1,12,2,52,0,0,131,25.5,1,1,0,0,1,1,42,1,1,35,72,10,6,3,1,13,6,3,4,0,0,1,0,5,18,11,43,1,1,1,25,1,4,9,47,9,33,2,11,0,0,5,19,10,57,12,19,6,24,1,27,2,21,12,71,8,42,8,45,8,9,48,276,14,53,10,43,16,50,7,9,4,5,13,4,3,0,0,0,0,1,1,0,0,21,0,0,287,12,265,0,4,0,10.5,2.5,9.5,7,10,12.5,8,3,3,10,1,5,0,1,5,2,2,3,1,0,65,74,2
9088,4544,PIT,26,7,7,6,6,6,12,4,104,34,233,35,23,2,0,0,5,193,2,1,2,45,0,0,72,34.5,2,0,2,0,4,4,155,4,2,11,104,14,9,5,0,15,7,5,3,2,8,1,1,4,16,11,38,6,25,6,16,0,0,19,73,10,29,1,2,0,0,10,79,11,38,6,59,4,67,0,0,4,0,15,153,11,59,5,27,4,4,43,338,12,147,13,53,12,33,8,11,4,10,44,4,28,0,0,0,0,5,13,5,1,10,2,0,382,12,181,0,0,0,6.5,1.5,7,4,5.5,15.5,17,1,1,10,1,7,0,3,2,3,1,2,0,0,74,65,8
9089,4545,NE,36,20,10,3,3,8,19,2,119,31,436,39,30,2,0,0,3,111,1,0,0,0,0,0,66,35,4,1,3,0,3,3,79,7,3,39,256,16,11,4,1,25,13,7,5,7,20,3,3,8,34,2,9,3,12,2,12,6,29,19,89,9,28,3,2,2,9,17,91,10,123,6,77,1,38,2,22,3,96,10,115,3,68,12,121,14,143,36,395,17,198,15,142,9,96,6,11,13,9,40,15,177,0,0,0,0,7,22,9,42,11,0,0,275,10,95,0,1,0,5.5,1,7,4,4.5,21,0,1,1,8,4,7,0,1,2,3,2,0,1,0,76,65,2
9090,4545,NO,20,3,10,0,7,5,15,0,81,17,348,44,27,1,0,0,3,121,1,16,5,114,0,0,35,25,2,0,2,0,2,3,116,3,2,28,179,8,3,4,1,23,12,7,4,5,18,1,-1,1,4,1,28,5,26,2,4,2,2,9,31,7,48,1,2,0,0,14,103,7,24,11,70,6,59,0,0,6,100,16,113,8,98,8,70,12,75,41,342,17,125,15,118,13,105,5,14,8,4,12,6,36,0,0,0,0,2,8,8,26,8,2,0,279,10,121,0,2,0,9,0,7.5,6,13.5,23,3,2,2,9,2,2,0,0,3,2,0,1,0,0,65,76,-2
9091,4546,PHI,20,3,0,7,10,6,19,2,107,17,299,46,25,6,1,1,4,169,1,10,2,55,0,0,30,31,2,0,2,0,2,3,74,5,2,73,99,10,7,1,2,23,12,5,6,3,30,2,9,0,0,7,19,0,0,0,0,5,49,10,58,5,12,2,37,4,55,11,59,12,68,9,73,7,95,3,22,2,0,24,167,4,42,10,97,7,27,59,441,25,164,14,68,13,67,2,17,6,4,26,7,42,4,29,11,18,2,6,8,35,34,1,0,287,11,141,1,1,0,9,6,3,4.5,5,13.5,1,1,1,12,5,3,0,1,1,1,1,1,0,1,72,53,4
9092,4546,KC,27,3,3,7,14,6,10,0,112,19,232,28,21,4,0,0,5,227,1,8,3,89,1,3,40,29,3,2,1,0,2,2,73,3,2,77,79,9,5,1,3,16,7,7,2,4,16,1,1,1,6,9,59,0,0,1,2,3,15,12,68,4,10,3,21,4,21,9,72,6,45,9,55,1,0,0,0,2,79,10,98,3,22,11,103,3,28,43,407,11,70,12,134,9,28,5,11,5,4,13,10,96,7,25,7,68,3,17,3,20,19,1,0,356,10,177,2,2,0,6,5,4,5,6,18,0,1,1,5,1,5,0,1,2,0,0,3,1,0,53,72,11
9093,4547,TEN,37,3,3,17,14,12,9,0,181,38,211,27,15,1,1,0,3,125,2,55,2,22,2,10,70,31,4,3,1,0,3,3,107,4,3,69,94,26,13,11,2,12,6,2,4,8,55,0,0,3,18,15,67,1,7,0,0,7,34,17,79,15,97,2,5,4,26,7,22,4,28,5,51,4,77,1,20,2,17,8,47,6,74,7,91,2,3,30,207,13,129,5,34,10,48,3,4,8,8,32,7,34,0,0,0,0,9,53,4,8,4,2,0,479,12,121,0,0,0,5,0,13,5.5,5,14.5,1,3,3,5,2,4,0,1,4,0,0,0,1,1,68,67,9
9094,4547,JAC,16,3,0,0,13,6,13,1,99,25,211,34,20,2,2,1,5,246,1,4,4,88,1,2,99,29,2,1,1,0,1,1,43,2,2,24,49,16,10,4,2,15,9,2,4,7,33,0,0,0,0,16,63,0,0,0,0,2,3,15,77,8,18,2,4,4,29,6,12,13,137,9,38,2,0,2,20,2,16,19,158,3,13,3,0,9,52,45,301,14,129,11,34,11,48,5,9,6,9,31,5,24,0,0,0,0,2,7,2,16,12,1,0,257,11,191,0,2,0,8,1.5,12,5,10,8.5,9,2,2,8,1,3,0,0,6,0,2,0,2,1,67,68,-1
9095,4548,MIA,19,3,0,10,6,6,13,2,112,33,225,34,24,2,0,0,3,130,3,21,3,71,0,0,23,33.5,1,0,1,0,4,4,147,3,0,40,91,12,5,5,2,16,6,7,3,5,11,1,7,0,0,16,42,0,0,5,37,4,15,14,39,15,65,2,8,1,0,15,84,4,26,6,29,2,0,1,31,6,60,29,200,0,0,3,26,2,4,44,279,15,81,9,90,12,54,9,11,4,8,35,7,29,8,31,9,58,4,6,7,-5,5,0,0,264,10,87,1,0,0,5.5,3,5,10,1.5,17,0,2,2,7,2,10,0,1,1,0,2,2,0,0,68,58,2
9096,4548,LAC,17,0,10,7,0,3,19,2,44,14,323,39,31,1,0,0,4,170,1,23,4,66,0,0,56,26.5,2,1,1,0,1,3,41,3,2,37,68,4,1,3,0,25,14,9,2,1,2,1,26,1,1,10,4,1,11,0,0,0,0,10,11,4,33,0,0,1,0,17,149,7,63,11,78,1,0,1,24,2,17,14,154,5,11,12,101,8,65,41,398,19,175,13,129,8,19,8,14,9,3,2,6,45,2,-1,11,73,2,1,5,10,8,0,0,224,9,149,0,3,0,13.5,2,8.5,7.5,9,13.5,0,2,1,4,1,7,0,1,2,1,1,1,2,0,58,68,3
9097,4549,NYJ,20,0,10,3,7,6,9,2,127,26,145,25,17,4,0,2,3,119,2,11,2,47,0,0,47,29,2,0,2,0,2,2,86,2,1,49,68,16,9,5,2,13,4,4,5,4,16,2,7,1,4,14,87,0,0,2,7,1,6,14,75,7,27,3,25,3,32,3,12,6,77,13,43,1,0,0,0,2,34,9,92,4,17,4,12,8,45,32,279,9,22,11,27,9,96,6,8,3,4,3,3,18,0,0,0,0,0,0,3,11,21,0,0,271,10,106,0,1,0,9,1,7.5,6.5,7.5,12.5,0,3,2,6,2,5,0,0,0,2,1,1,1,0,56,57,-4
9098,4549,OAK,45,7,14,7,17,6,13,2,180,27,230,28,23,0,0,0,3,166,1,13,3,70,0,0,79,31,6,3,3,0,1,1,29,4,3,118,112,11,6,2,3,18,7,6,5,2,2,5,17,4,22,6,56,4,13,4,7,2,48,14,71,9,33,4,61,0,0,9,50,8,87,8,41,1,26,0,0,2,26,11,113,2,6,8,41,7,70,30,411,10,57,10,97,8,76,10,8,5,7,34,11,77,0,0,0,0,5,4,7,29,0,0,1,357,11,155,0,1,0,7.5,4,6.5,4,10,10,2,4,3,6,3,9,0,1,0,2,1,0,4,1,57,56,7
9099,4550,DAL,17,0,10,0,7,1,12,3,40,14,228,50,30,2,2,0,5,249,1,19,0,0,1,25,69,26,2,0,2,0,1,1,56,3,1,11,28,4,2,1,1,22,11,7,4,2,13,1,-5,2,1,6,16,0,0,2,8,1,7,6,13,5,4,3,23,3,24,20,94,9,49,16,49,3,28,0,0,1,18,29,109,2,18,13,97,5,14,58,292,21,87,15,96,16,45,10,17,3,4,12,9,39,0,0,0,0,2,11,10,8,10,0,0,489,13,209,1,2,0,14,2,13.5,4.5,9.5,11.5,21,2,2,9,1,6,0,4,1,0,0,2,0,0,71,77,2
9100,4550,DEN,42,7,14,14,7,11,12,3,179,40,202,32,22,2,1,1,3,129,2,20,1,25,2,126,61,34,6,1,4,1,0,1,50,4,4,65,52,21,8,11,2,22,10,5,7,0,0,6,39,4,2,12,50,7,23,4,46,5,19,15,44,18,121,5,14,4,15,10,69,6,65,9,97,3,0,1,0,1,0,16,133,5,30,5,26,4,42,40,332,16,82,8,55,10,65,3,14,5,7,49,10,92,0,0,0,0,7,18,9,34,29,2,0,323,12,110,0,1,0,5,1,7.5,7.5,1.5,18.5,0,3,2,5,3,7,7,1,2,0,4,2,1,2,77,71,13
9101,4551,SF,9,0,6,0,3,5,4,2,159,19,89,27,15,2,1,0,7,307,3,40,3,71,0,0,66,23,0,0,0,0,3,3,111,3,0,122,0,10,6,3,1,6,5,0,1,2,7,4,73,1,4,7,33,1,0,3,21,1,0,10,42,6,59,3,37,0,0,5,22,8,27,11,50,1,0,1,0,0,0,11,52,4,6,3,19,8,22,20,144,11,53,9,7,9,29,6,9,0,3,10,3,-1,5,34,6,15,1,4,5,-4,10,2,0,269,11,307,0,5,0,11.5,2,12,6,9.5,17,0,3,1,9,1,4,0,0,2,1,2,2,1,0,49,82,7
9102,4551,SEA,12,6,0,0,6,9,10,2,135,43,181,39,23,3,0,0,7,309,3,0,2,46,1,7,71,37,1,0,1,0,2,2,52,3,1,53,22,16,6,7,3,14,5,3,6,5,33,7,35,1,0,3,6,6,19,5,16,6,28,18,47,12,69,3,21,8,40,15,61,5,22,11,75,3,0,1,0,4,40,14,63,12,80,5,26,8,29,40,223,12,46,14,69,16,66,8,11,4,10,19,17,73,11,85,4,23,3,-1,7,17,17,0,0,287,12,269,0,3,0,5,3,7,7,7,7,4,4,4,14,5,9,0,1,3,0,2,1,1,1,82,49,8
9103,4552,WAS,27,3,17,0,7,8,12,1,229,39,156,27,18,2,0,0,4,204,2,13,1,16,1,10,25,36.5,3,2,1,0,2,3,63,4,2,134,44,18,9,9,0,14,2,7,5,3,30,4,9,6,39,18,101,4,5,2,8,2,16,26,94,12,114,1,0,3,7,6,51,7,51,14,77,0,0,0,0,0,0,5,47,7,42,7,61,8,29,31,372,3,9,14,75,12,72,5,8,5,11,75,7,35,10,43,4,42,8,23,3,11,23,2,0,379,11,180,0,2,0,2.5,1,9,7.5,7.5,7.5,0,1,1,6,2,7,0,0,2,1,1,1,1,0,71,50,7
9104,4552,LA,20,0,10,7,3,4,9,1,93,22,240,26,16,2,1,1,4,182,4,24,3,59,0,0,75,23.5,2,1,1,0,2,2,72,4,2,29,177,13,9,2,2,11,6,1,4,3,19,1,6,1,0,7,32,4,19,2,13,2,4,11,66,6,16,3,11,2,2,8,70,7,54,6,35,0,0,2,24,3,60,9,43,7,61,5,95,5,44,24,152,11,124,7,11,10,96,6,3,7,2,9,7,20,8,44,6,39,5,6,3,19,12,1,0,246,11,169,0,1,0,10.5,3,7.5,2.5,19,13.5,2,3,3,6,0,3,0,1,5,2,1,2,1,0,50,71,2
9105,4553,GB,23,7,0,3,13,4,18,2,60,16,308,50,33,3,1,1,3,119,0,0,0,0,0,0,70,31.5,3,1,2,0,1,1,28,3,2,10,79,9,6,2,1,27,14,6,7,2,10,0,0,3,11,0,0,4,12,3,19,2,8,6,36,7,14,1,10,1,9,25,139,9,52,11,119,2,33,0,0,2,0,9,60,16,132,15,69,9,82,52,356,24,129,15,88,14,91,9,14,10,7,28,7,45,0,0,0,0,2,5,5,16,35,3,0,243,11,119,0,2,0,5,0,10,5.5,10,14.5,1,2,2,7,1,4,0,4,3,2,0,0,2,1,76,58,2
9106,4553,ATL,34,7,17,10,0,7,12,0,141,27,223,28,19,3,0,0,4,165,1,0,2,31,1,0,34,28.5,4,2,1,1,2,2,104,3,3,52,130,15,9,3,3,16,4,10,2,3,26,2,17,4,7,0,0,7,34,4,51,7,6,15,115,8,11,4,15,1,8,7,48,5,59,8,39,1,0,1,21,5,85,15,193,6,33,2,7,4,19,21,109,10,49,14,178,7,-4,5,6,8,6,27,7,72,0,0,0,0,4,12,4,13,29,1,0,240,9,165,0,3,0,3,2,6.5,9,3.5,22,1,3,3,5,1,5,7,2,2,0,1,2,0,0,58,76,13
9107,4554,DET,24,7,10,0,7,5,7,0,138,32,119,21,15,3,0,1,5,209,3,101,1,15,1,18,50,33,3,0,2,0,1,1,56,1,1,82,27,14,8,4,2,8,1,2,5,6,28,5,15,4,1,6,27,1,-1,4,3,6,65,17,43,11,70,4,25,3,23,4,23,1,5,11,67,3,0,0,0,2,27,9,52,3,8,6,45,3,17,24,168,3,8,9,45,12,66,7,6,2,7,28,7,61,0,0,1,0,2,4,1,7,3,1,0,374,10,200,0,3,1,6.5,4.5,3.5,8.5,8,13,14,1,1,12,4,11,0,1,5,0,1,0,0,0,62,56,17
9108,4554,NYG,10,0,7,3,0,2,12,0,62,18,208,32,22,5,1,0,5,239,2,9,1,21,0,0,50,27,1,0,1,0,1,1,25,2,1,23,58,7,7,0,0,14,6,4,4,1,11,1,2,7,28,3,10,1,-1,2,3,3,9,14,53,3,5,1,4,0,0,6,36,8,67,12,80,2,0,1,18,3,38,14,76,2,13,10,108,6,42,35,172,11,66,13,62,13,80,6,10,6,4,15,6,43,1,2,2,7,1,2,4,42,31,1,0,292,12,138,0,0,0,9.5,3,10,1,12.5,12,16,0,0,11,3,5,0,0,1,2,3,0,1,0,56,62,5
9109,4555,LA,41,14,10,10,7,7,14,5,127,33,292,28,22,0,0,2,2,113,1,0,3,83,1,25,52,29.5,5,2,3,0,2,2,67,7,5,59,173,17,14,1,2,18,6,6,6,6,54,2,12,2,9,11,29,5,4,3,8,2,11,19,96,9,6,3,25,0,0,9,69,2,16,13,108,2,68,0,0,2,31,14,214,3,21,4,21,7,36,21,126,9,113,10,99,9,80,7,7,8,7,28,8,83,8,60,2,40,11,26,7,45,0,0,0,361,11,104,0,0,0,15,4.5,4,4.5,11,14,7,4,3,5,2,10,0,2,0,2,2,1,1,0,65,79,4
9110,4555,SF,39,7,6,7,19,7,15,3,113,33,308,37,23,4,1,1,2,83,2,9,3,56,0,0,55,30.5,5,3,2,0,2,2,84,6,5,41,173,17,8,5,4,19,10,2,7,2,5,6,41,3,2,9,18,5,18,5,17,3,12,13,48,13,48,7,17,1,9,11,31,6,45,13,64,6,142,1,50,0,0,15,204,8,55,5,9,9,64,31,129,18,228,9,11,14,69,8,7,8,12,58,8,60,4,5,8,16,13,36,10,38,24,0,0,469,13,83,0,1,0,10.5,0.5,9,1.5,9.5,16,9,6,4,6,2,9,0,2,3,0,1,4,1,0,79,65,-2
9111,4556,BAL,7,0,0,0,7,6,4,2,134,25,52,27,14,2,2,1,7,311,0,0,0,0,0,0,88,26,1,0,1,0,0,0,0,1,1,73,0,14,7,6,1,7,3,2,2,4,36,1,-1,6,17,2,7,9,44,1,9,2,23,13,60,11,73,1,2,0,0,5,8,5,3,11,53,1,0,2,0,3,0,11,14,4,11,5,26,7,13,33,184,10,21,8,20,11,11,7,7,0,4,11,5,-12,0,0,0,0,2,6,1,6,12,0,0,289,12,289,1,1,0,9.5,1,13.5,7,8,8,3,2,1,7,0,5,0,0,3,2,2,2,2,0,58,73,-4
9112,4556,JAC,44,10,13,14,7,7,13,4,169,38,244,33,20,0,0,0,3,150,2,2,1,12,2,20,70,34,5,1,4,0,3,3,97,6,4,83,65,12,6,3,3,18,6,10,2,1,7,4,15,5,12,2,12,10,22,5,22,5,61,20,68,7,20,5,63,3,18,6,21,11,69,11,89,0,0,1,30,1,35,10,85,4,13,6,74,10,72,25,189,9,62,16,156,8,26,3,13,4,8,45,11,124,0,0,0,0,7,19,9,32,0,0,0,500,13,150,0,1,0,11,3,9,6,5,6,2,4,2,6,2,4,0,1,3,3,2,0,1,0,73,58,12
9113,4557,ATL,30,7,13,3,7,9,15,2,152,29,277,35,24,2,3,0,2,91,2,38,2,54,0,0,68,32.5,3,1,2,0,3,3,124,4,2,82,67,14,6,7,1,18,9,6,3,6,39,6,28,0,0,8,41,0,0,2,16,5,28,16,69,10,65,1,18,0,0,11,113,8,46,9,117,5,0,2,18,0,0,18,119,7,91,2,9,8,75,17,98,19,157,10,76,8,44,4,14,6,6,28,12,81,8,45,8,88,6,13,8,18,17,1,0,334,12,81,0,1,0,9,1,5,6,5,18,4,2,1,6,2,4,0,4,2,0,0,3,1,0,68,70,3
9114,4557,DET,26,0,13,10,3,3,15,3,71,19,253,45,25,2,0,0,5,239,1,10,1,11,3,89,98,27.5,2,0,1,1,4,4,187,3,1,32,71,6,5,1,0,19,6,10,3,4,29,4,10,0,0,6,9,0,0,2,12,3,11,14,59,5,12,0,0,2,19,13,41,8,57,17,95,3,22,1,29,3,20,17,82,8,88,8,17,12,77,46,282,17,98,17,105,13,50,6,13,6,2,2,6,35,5,26,19,100,1,3,8,17,11,0,0,327,11,201,0,1,0,8,2,7,5.5,11,16.5,32,4,0,8,2,5,7,0,4,1,1,3,2,0,70,68,13
9115,4558,CLE,28,0,14,0,14,7,13,5,111,21,235,47,22,1,3,0,7,347,1,0,0,0,0,0,113,26.5,4,2,2,0,0,0,0,5,4,54,132,12,7,3,2,17,9,5,3,4,34,1,13,1,1,8,39,0,0,2,5,5,19,11,50,7,36,3,25,7,44,11,41,7,58,17,59,4,38,3,0,4,46,10,54,15,56,10,45,10,91,51,366,22,117,16,76,10,42,7,9,6,6,27,7,1,0,0,2,0,3,32,3,12,7,2,0,404,14,331,0,3,0,14,3.5,12,5,6,9.5,9,2,2,10,3,4,0,2,4,0,1,1,2,0,77,66,4
9116,4558,IND,31,7,21,0,3,6,7,3,93,37,243,24,17,3,0,1,7,320,3,16,0,0,3,40,99,33.5,4,3,1,0,1,1,33,4,3,21,193,10,4,2,4,9,2,3,4,2,14,4,5,0,0,16,32,3,25,8,12,2,5,19,31,8,21,8,41,4,15,11,92,3,7,6,78,1,34,0,0,3,47,12,196,2,31,7,29,3,2,34,333,5,17,13,94,9,131,5,6,6,7,24,9,69,3,0,0,0,5,23,4,12,16,0,0,414,14,300,1,1,0,4,4,8,8.5,6,7.5,0,3,2,12,4,14,0,3,2,0,0,4,3,0,66,77,6
9117,4559,DEN,16,3,10,3,0,7,10,4,111,23,255,40,24,3,2,0,3,125,1,16,3,81,0,0,79,29.5,1,1,0,0,3,3,101,3,1,75,142,9,3,3,3,16,8,5,3,3,7,1,12,3,0,6,49,5,21,4,18,1,4,11,26,7,73,5,12,3,12,10,31,5,22,15,87,5,49,0,0,5,70,24,173,8,55,5,23,3,8,48,411,18,129,14,48,11,78,10,8,6,8,13,13,83,1,12,5,31,4,17,6,4,4,3,0,261,11,85,1,0,0,5,3,13,10,12,8,3,3,2,7,3,6,0,4,3,1,0,0,2,0,70,65,4
9118,4559,BUF,26,0,13,7,6,4,11,1,78,37,197,26,20,4,0,0,5,226,2,20,2,41,2,15,69,30.5,2,0,2,0,4,4,184,3,2,10,112,10,4,4,2,15,7,4,4,5,11,7,4,5,23,5,18,5,10,2,11,1,2,14,27,11,27,5,25,5,17,11,83,6,43,6,3,1,31,0,0,2,53,7,61,4,34,7,70,8,48,27,166,11,80,9,60,10,57,5,10,5,4,10,4,0,13,27,4,12,8,15,4,14,16,0,0,477,12,190,1,2,0,9.5,3,8.5,5.5,4,17.5,2,4,2,10,3,10,0,0,2,1,0,3,2,1,65,70,8
9119,4560,HOU,33,10,10,7,6,7,13,3,125,32,292,33,22,2,2,0,4,234,3,20,4,75,0,0,60,33.5,3,0,2,1,4,4,146,3,1,12,150,18,7,7,4,17,10,5,2,5,20,5,17,1,3,12,50,2,3,4,19,3,13,15,58,9,33,8,34,8,41,12,103,3,13,10,100,5,21,2,29,1,35,12,91,7,59,9,75,5,76,46,429,17,148,12,122,6,22,7,7,8,6,12,7,61,11,39,10,117,4,9,4,15,9,3,1,288,12,181,0,2,0,7.5,1,9,9,3.5,14,8,5,3,6,1,5,7,1,2,3,1,4,0,0,71,65,9
9120,4560,NE,36,7,14,7,8,1,16,4,59,20,337,35,25,5,0,1,6,272,2,53,2,44,2,51,69,26.5,5,0,5,0,0,0,0,2,2,0,207,9,6,3,0,19,9,4,6,1,-3,2,9,6,21,5,14,2,6,3,4,1,8,10,37,7,11,3,11,1,6,16,89,4,26,3,19,5,109,5,89,2,46,13,199,5,48,13,108,4,23,33,291,18,180,12,24,10,133,8,7,10,7,17,11,70,3,9,11,94,1,0,4,12,41,1,0,374,14,232,1,3,0,10,1,13,6,8,14,6,2,0,9,5,6,0,0,1,1,0,3,1,0,65,71,6
9121,4561,MIA,6,0,0,0,6,0,12,4,30,15,195,45,26,3,2,0,7,333,2,13,1,15,0,0,51,24,1,0,1,0,0,0,0,1,1,0,26,7,2,5,0,20,13,6,1,1,-2,1,4,1,8,6,18,0,0,5,2,1,0,5,8,9,25,1,-3,1,9,12,66,6,14,16,80,1,0,1,0,9,60,31,175,3,12,5,16,6,17,50,262,21,118,13,71,14,6,11,11,4,6,11,3,17,0,0,0,0,1,9,2,3,25,1,0,284,12,282,1,1,0,9.5,1,12.5,8,10,9,16,1,1,9,0,7,0,2,0,2,2,1,0,1,63,63,5
9122,4561,NYJ,20,0,10,10,0,4,9,3,104,35,233,23,18,2,0,1,5,243,4,31,0,0,2,13,94,36,2,1,1,0,2,3,108,2,1,22,113,13,9,4,0,13,4,5,4,2,2,5,26,1,5,13,38,3,3,5,19,4,11,18,69,10,34,5,1,3,8,4,20,5,52,10,84,1,0,1,0,2,84,9,128,6,66,7,31,0,0,29,273,6,43,11,106,8,75,3,9,6,7,19,9,47,0,0,0,0,4,18,2,10,16,1,2,377,12,230,0,3,0,3.5,0,7.5,10,4,16,0,2,1,7,2,12,0,1,6,1,0,2,2,1,63,63,14
9123,4562,NO,34,7,10,7,10,9,12,0,149,27,213,29,22,1,0,0,3,150,1,12,0,0,3,37,10,31,4,1,3,0,2,3,83,3,2,89,112,15,9,5,1,14,6,3,5,2,10,8,39,1,5,6,29,2,4,4,35,4,27,16,105,8,34,3,10,0,0,8,21,2,17,13,95,3,66,0,0,3,21,11,131,4,26,3,24,11,39,26,181,11,73,10,76,9,64,10,7,5,6,25,7,50,0,0,0,0,3,9,5,21,7,2,0,378,10,138,0,2,0,6,2,9,9,6,12,0,1,0,8,4,7,0,0,1,0,0,0,0,0,58,59,14
9124,4562,CAR,13,3,3,7,0,11,7,0,132,22,156,33,19,4,3,0,3,129,2,12,1,30,0,0,5,29,1,1,0,0,2,2,80,2,1,58,58,17,7,5,5,16,12,2,2,5,63,2,10,3,12,7,25,2,9,1,6,2,7,9,75,8,35,5,22,3,16,16,62,3,20,9,44,3,37,0,0,2,21,12,66,7,5,1,8,13,105,49,353,18,125,10,20,9,11,7,9,3,10,52,5,13,0,0,0,0,4,11,3,9,28,0,0,252,10,97,1,0,0,5.5,1.5,8.5,10,12,8.5,17,5,5,7,1,1,0,0,0,1,0,1,0,0,59,58,0
9125,4563,NYG,24,0,0,0,24,2,17,2,49,17,366,47,35,0,2,0,4,154,1,0,2,41,0,0,137,22.5,3,0,3,0,1,1,41,5,2,20,77,4,2,2,0,28,16,9,3,2,-3,5,5,0,0,7,42,0,0,3,5,0,0,9,20,6,34,2,-5,0,0,16,95,8,116,21,122,1,0,1,16,0,0,34,261,1,6,7,45,5,37,50,420,21,156,16,149,10,44,8,22,5,5,4,9,45,5,25,10,132,4,5,7,23,0,1,0,415,12,125,1,2,0,13,2,9,8.5,13,11.5,24,6,1,4,0,4,0,1,2,3,1,2,1,0,69,76,5
9126,4563,PHI,27,0,7,7,13,13,8,3,194,39,161,31,21,3,0,1,4,182,1,9,3,73,2,0,103,37.5,3,2,1,0,2,3,107,3,3,108,0,19,10,5,4,14,6,5,3,13,63,0,0,0,0,16,66,0,0,2,17,7,47,19,122,14,55,5,16,5,22,10,57,5,32,14,68,1,0,0,0,1,19,16,105,3,7,10,55,2,9,52,369,12,38,10,70,12,53,5,15,1,8,44,6,24,8,58,12,81,5,22,4,11,15,0,0,279,13,162,1,0,0,5.5,0,6,7.5,5.5,23.5,10,4,3,10,3,9,0,2,2,0,2,2,3,0,76,69,4
9127,4564,PIT,17,0,7,7,3,6,11,2,70,17,212,39,22,3,0,2,5,203,3,15,1,24,1,0,40,27.5,2,1,1,0,1,2,32,4,2,13,70,11,4,5,2,20,10,8,2,0,0,2,7,6,23,0,0,8,39,0,0,1,1,6,25,9,36,2,9,1,6,9,81,4,22,16,70,0,0,2,23,8,39,22,140,6,39,4,19,7,37,47,259,20,84,13,114,9,14,6,12,4,3,6,9,14,5,25,11,49,6,21,7,15,23,0,0,400,11,183,1,3,0,8.5,4,15,6,11.5,6,13,3,3,6,1,1,0,1,2,2,0,0,1,0,64,65,6
9128,4564,CHI,23,7,10,0,0,13,4,1,220,38,84,22,15,2,1,1,6,267,1,0,3,69,0,0,73,34,3,2,1,0,1,2,24,4,3,168,0,17,7,8,2,8,3,3,2,6,72,6,52,7,11,1,0,5,47,4,20,9,18,20,99,14,91,4,30,3,4,7,30,4,21,8,33,2,17,0,0,0,0,2,0,2,9,4,19,13,73,17,81,8,9,8,33,8,42,6,8,1,14,52,3,0,9,80,9,47,6,46,1,2,17,1,1,425,13,252,0,2,0,9,2,6,7,1,13,0,2,2,7,0,11,0,4,2,1,0,3,0,2,65,64,10
9129,4565,TB,17,3,0,14,0,0,19,1,26,9,316,40,28,2,3,0,4,163,0,0,3,79,0,0,37,22,2,0,2,0,1,1,40,1,1,0,57,4,2,2,0,24,15,8,1,2,4,2,6,0,0,0,0,3,9,0,0,2,7,7,18,2,8,0,0,1,4,12,60,5,49,13,110,3,17,4,35,3,57,19,151,14,118,6,50,1,9,29,175,21,194,15,108,6,14,4,14,10,3,6,8,62,0,0,0,0,0,0,1,15,12,0,0,248,10,163,0,0,0,14.5,3,11.5,6.5,7,11.5,17,2,0,3,1,1,0,2,2,2,2,2,0,0,53,74,-1
9130,4565,MIN,34,7,14,10,3,7,16,2,128,40,369,33,25,0,0,0,3,121,0,0,1,20,3,66,53,38,4,1,3,0,2,2,57,5,3,38,187,15,6,8,1,21,6,9,6,2,6,5,15,7,17,13,59,2,5,0,0,5,26,19,76,14,47,1,5,3,21,10,58,3,9,10,81,4,81,2,47,4,93,19,271,4,11,2,4,8,83,25,219,11,124,11,96,11,149,7,9,9,9,20,8,89,0,0,0,0,6,7,6,45,0,0,0,300,11,121,0,1,0,5.5,2,3,4,0.5,22,0,4,3,6,2,5,0,0,3,0,0,3,1,0,74,53,9
9131,4566,SEA,27,0,7,7,13,4,20,0,69,22,364,49,29,1,0,0,8,388,3,32,0,0,0,0,98,27.5,4,0,4,0,0,0,0,4,3,11,157,9,5,3,1,25,13,8,4,4,13,3,17,2,6,4,6,5,14,3,2,1,11,11,42,9,24,2,3,7,26,12,36,9,57,16,133,6,98,0,0,5,49,22,135,4,30,15,125,7,83,50,344,22,225,14,102,14,46,5,17,7,7,23,8,22,0,0,0,0,2,4,10,30,9,0,0,303,13,317,1,1,0,8.5,0.5,17.5,2.5,6,13,9,2,1,9,0,7,0,1,4,2,4,2,4,1,73,73,-1
9132,4566,TEN,33,0,9,21,3,5,10,6,196,36,225,31,20,0,0,0,6,341,5,51,2,27,0,0,45,32.5,3,1,2,0,4,4,143,3,0,110,79,16,11,5,0,16,8,4,4,4,53,6,28,3,3,11,37,1,3,3,1,6,36,19,114,14,46,1,1,6,28,15,132,2,7,7,29,4,16,0,0,3,41,10,87,9,65,9,58,3,15,30,146,9,71,9,93,13,61,5,11,4,9,1,10,33,3,7,0,0,3,7,2,0,0,1,0,415,15,289,1,3,0,6,0,12,11,4,14,2,2,1,6,1,8,0,1,4,1,0,0,2,1,73,73,1
9133,4567,CIN,24,7,14,0,3,6,13,2,111,31,191,27,21,3,0,1,6,296,5,31,1,20,1,75,68,34.5,3,0,2,1,1,2,46,2,2,55,41,10,5,3,2,16,8,6,2,4,19,1,7,3,22,7,24,3,7,6,29,5,3,17,63,8,23,4,25,1,-1,4,36,7,75,11,83,1,0,0,0,3,18,15,116,1,11,4,28,6,57,38,283,11,116,11,76,8,-1,4,13,4,10,47,10,85,9,28,8,53,5,11,2,16,21,2.5,1,291,11,226,0,2,0,7.5,2.5,5,10,4.5,18.5,4,3,1,7,2,9,7,0,1,2,2,4,0,0,61,70,14
9134,4567,GB,27,7,0,7,10,4,15,3,64,17,280,42,28,6,1,0,6,296,5,70,0,0,0,0,33,29.5,3,0,3,0,2,2,55,5,3,13,187,8,5,1,2,21,11,5,5,4,17,2,10,2,8,1,3,3,3,1,0,4,23,12,43,3,6,2,15,4,23,14,55,6,13,16,64,2,60,1,0,3,109,9,52,14,170,7,64,12,15,46,256,18,159,17,40,13,69,14,9,5,2,7,7,13,5,13,18,129,6,15,11,32,33,1,2,310,12,265,0,2,0,5.5,1,11.5,2.5,12,18.5,9,3,3,8,2,5,0,0,0,1,0,1,1,1,70,61,4
9135,4568,KC,24,14,3,0,7,8,7,1,189,25,122,21,16,5,0,0,5,249,2,10,2,66,3,38,122,30.5,3,1,2,0,1,1,34,2,1,141,30,14,7,4,3,9,5,3,1,2,4,1,1,0,0,10,59,1,40,3,24,8,32,14,99,7,56,4,5,2,9,5,36,5,33,9,56,1,0,0,0,1,30,9,77,7,41,1,1,4,36,35,272,9,67,8,32,9,23,4,10,2,4,26,4,51,9,71,9,37,3,13,3,14,33,1,0,305,10,237,0,1,0,7,2,6,5.5,11,12.5,0,3,3,8,1,5,0,1,4,2,0,6,2,0,53,73,12
9136,4568,LAC,10,7,3,0,0,5,13,6,104,26,226,40,20,2,3,0,5,250,3,12,3,64,0,0,61,29.5,1,1,0,0,1,1,29,3,1,59,70,9,6,2,1,15,3,8,4,3,24,7,25,1,1,7,38,1,2,4,2,3,12,17,73,7,18,2,13,0,0,12,55,4,19,13,59,5,44,1,0,4,60,16,76,9,107,5,30,9,24,47,283,15,40,16,146,11,40,4,10,6,13,64,7,64,3,2,10,6,2,11,2,-2,11,0,0,251,11,200,2,3,0,8.5,7,7.5,5,8,6,0,1,1,9,2,9,0,2,2,4,0,0,1,1,73,53,5
9137,4569,OAK,10,0,0,7,3,2,3,2,33,14,96,31,19,4,2,1,7,369,2,4,1,27,0,0,35,22,1,0,1,0,1,1,22,2,1,11,21,3,2,0,1,13,6,6,1,4,10,0,0,2,17,2,8,1,0,0,0,3,-2,7,23,3,3,2,7,1,6,9,56,10,36,7,26,3,0,0,0,1,0,8,13,7,27,7,42,8,36,34,106,11,40,12,49,12,7,7,11,1,5,20,6,-3,0,0,0,0,1,-3,3,0,22,0,0,444,14,346,0,3,0,15,3.5,10.5,2.5,8.5,16,4,2,0,6,0,3,0,1,3,0,0,0,0,0,51,68,3
9138,4569,WAS,27,7,7,7,6,4,14,0,116,34,356,30,25,1,0,2,5,221,4,23,0,0,2,0,77,38,3,0,3,0,2,3,51,3,1,24,227,12,10,2,0,19,6,6,7,4,17,3,7,6,21,8,20,4,11,3,14,6,26,21,93,11,20,2,3,1,2,9,146,5,15,13,120,0,0,1,18,2,52,6,52,10,102,6,55,8,142,37,377,7,106,11,84,13,152,6,11,8,8,12,8,86,0,0,0,0,6,18,3,14,9,2,0,344,12,217,0,3,0,0.5,2,6.5,13,4,7,1,1,0,9,6,6,0,2,6,2,1,2,0,0,68,51,14
9139,4570,DAL,28,0,7,7,14,6,7,2,100,27,174,18,13,1,0,0,7,311,4,43,1,18,0,0,76,24,4,2,2,0,0,0,0,3,3,60,112,9,6,2,1,8,5,2,1,2,5,1,7,1,3,13,54,0,0,4,11,4,20,16,60,7,18,2,22,2,17,3,12,4,38,7,4,1,17,0,0,3,112,7,63,3,103,4,3,4,14,19,83,6,106,6,56,7,12,5,3,5,2,0,1,3,6,31,3,94,3,25,1,15,9,0,0,353,12,307,0,3,0,10,8,8.5,6,2.5,19,0,1,1,6,0,9,0,2,0,0,5,5,0,0,47,81,7
9140,4570,ARI,17,7,0,7,3,2,15,5,49,21,283,48,29,6,0,0,6,271,2,4,2,40,0,0,50,36,2,0,2,0,1,2,37,4,1,0,171,7,4,1,2,21,6,9,6,2,-5,3,6,1,5,11,32,1,5,1,3,2,3,12,28,6,14,3,7,3,7,17,81,11,53,11,61,6,61,2,45,1,24,21,176,7,29,10,57,10,63,39,201,18,82,20,118,16,83,13,5,11,8,5,13,135,4,13,12,53,1,2,11,25,42,1,0,259,12,228,0,2,0,8,0,6,2,9,9,5,5,3,9,3,7,0,0,2,0,2,1,1,0,81,47,0
